instrument,signal_time,entry_time,direction,entry_price,exit_time,exit_price,r_outcome,reason,stop_dist,atr,win1
SPOT,2018-12-06 06:00:00+00:00,2018-12-06 10:00:00+00:00,1,1.13406,2018-12-10 14:00:00+00:00,1.14002,2.0,stop,0.0029799999999999827,0.0027253176834957276,1
SPOT,2018-12-10 22:00:00+00:00,2018-12-11 02:00:00+00:00,1,1.13625,2018-12-11 02:00:00+00:00,1.1371299999999995,4.0,hard_tp4R,0.00021999999999988695,0.0029491408107816196,1
SPOT,2018-12-14 14:00:00+00:00,2018-12-14 18:00:00+00:00,1,1.13009,2018-12-14 18:00:00+00:00,1.13009004,4.0,hard_tp4R,1e-08,0.0030279302395647893,1
SPOT,2018-12-20 18:00:00+00:00,2018-12-20 22:00:00+00:00,-1,1.14453,2018-12-20 22:00:00+00:00,1.14452996,4.0,hard_tp4R,1e-08,0.0035729390215036775,1
SPOT,2018-12-28 10:00:00+00:00,2018-12-28 14:00:00+00:00,-1,1.1461,2018-12-28 14:00:00+00:00,1.14609996,4.0,hard_tp4R,1e-08,0.00311019667618873,1
SPOT,2019-01-02 06:00:00+00:00,2019-01-02 10:00:00+00:00,-1,1.1434,2019-01-03 02:00:00+00:00,1.1369999999999998,2.0,stop,0.0032000000000000917,0.003175646554778896,1
SPOT,2019-01-02 18:00:00+00:00,2019-01-02 22:00:00+00:00,1,1.13426,2019-01-02 22:00:00+00:00,1.13426004,4.0,hard_tp4R,1e-08,0.0034553664288809105,1
SPOT,2019-01-17 06:00:00+00:00,2019-01-17 10:00:00+00:00,1,1.13935,2019-01-17 14:00:00+00:00,1.13776,-1.0,stop,0.0015899999999999803,0.0027518455668880545,0
SPOT,2019-01-17 14:00:00+00:00,2019-01-17 18:00:00+00:00,1,1.13862,2019-01-17 22:00:00+00:00,1.13862,0.0,stop,0.0008599999999998609,0.002746540310224894,0
SPOT,2019-01-18 18:00:00+00:00,2019-01-20 22:00:00+00:00,1,1.13598,2019-01-20 22:00:00+00:00,1.13598004,4.0,hard_tp4R,1e-08,0.0024243873820695146,1
SPOT,2019-01-24 18:00:00+00:00,2019-01-24 22:00:00+00:00,1,1.13051,2019-01-24 22:00:00+00:00,1.1305100399999999,4.0,hard_tp4R,1e-08,0.0027580287828817677,1
SPOT,2019-01-28 02:00:00+00:00,2019-01-28 06:00:00+00:00,-1,1.14117,2019-01-28 06:00:00+00:00,1.14116996,4.0,hard_tp4R,1e-08,0.00262720694203934,1
SPOT,2019-01-28 06:00:00+00:00,2019-01-28 10:00:00+00:00,-1,1.14081,2019-01-28 10:00:00+00:00,1.1408099600000001,4.0,hard_tp4R,1e-08,0.002620977874750815,1
SPOT,2019-01-28 18:00:00+00:00,2019-01-28 22:00:00+00:00,-1,1.14257,2019-01-28 22:00:00+00:00,1.14256996,4.0,hard_tp4R,1e-08,0.0025643434368905287,1
SPOT,2019-01-29 06:00:00+00:00,2019-01-29 10:00:00+00:00,-1,1.14413,2019-01-29 10:00:00+00:00,1.1432100000000003,4.0,hard_tp4R,0.00022999999999995246,0.002335030076839815,1
SPOT,2019-01-31 02:00:00+00:00,2019-01-31 06:00:00+00:00,-1,1.1505,2019-01-31 06:00:00+00:00,1.15049996,4.0,hard_tp4R,1e-08,0.002544879241815729,1
SPOT,2019-02-07 10:00:00+00:00,2019-02-07 14:00:00+00:00,1,1.13307,2019-02-07 14:00:00+00:00,1.13307004,4.0,hard_tp4R,1e-08,0.0018519507733264467,1
SPOT,2019-02-08 06:00:00+00:00,2019-02-08 10:00:00+00:00,1,1.13255,2019-02-08 10:00:00+00:00,1.1329900000000002,4.0,hard_tp4R,0.0001100000000000545,0.0018025953815387582,1
SPOT,2019-02-15 14:00:00+00:00,2019-02-15 18:00:00+00:00,1,1.1273,2019-02-18 06:00:00+00:00,1.1297199999999998,1.0,stop,0.0024199999999998667,0.002585170271936907,1
SPOT,2019-02-20 18:00:00+00:00,2019-02-20 22:00:00+00:00,-1,1.13362,2019-02-21 06:00:00+00:00,1.13575,-1.0,stop,0.0021299999999999653,0.002702142460007265,0
SPOT,2019-02-27 10:00:00+00:00,2019-02-27 14:00:00+00:00,-1,1.13847,2019-02-28 06:00:00+00:00,1.13847,0.0,stop,0.0017999999999998018,0.0022043776477812063,0
SPOT,2019-02-28 10:00:00+00:00,2019-02-28 14:00:00+00:00,-1,1.13863,2019-02-28 18:00:00+00:00,1.13863,0.0,stop,0.0017400000000000748,0.00219251663046821,0
SPOT,2019-03-04 18:00:00+00:00,2019-03-04 22:00:00+00:00,1,1.13392,2019-03-04 22:00:00+00:00,1.13392004,4.0,hard_tp4R,1e-08,0.0022611579960043655,1
SPOT,2019-03-13 21:00:00+00:00,2019-03-14 01:00:00+00:00,-1,1.13272,2019-03-14 01:00:00+00:00,1.13271996,4.0,hard_tp4R,1e-08,0.002214021109904684,1
SPOT,2019-03-21 17:00:00+00:00,2019-03-21 21:00:00+00:00,1,1.13726,2019-03-22 05:00:00+00:00,1.13354,-1.0,stop,0.0037199999999999456,0.0026525999818808182,0
SPOT,2019-03-27 13:00:00+00:00,2019-03-27 17:00:00+00:00,1,1.12627,2019-03-27 17:00:00+00:00,1.12627004,4.0,hard_tp4R,1e-08,0.002408567831637463,1
SPOT,2019-04-03 09:00:00+00:00,2019-04-03 13:00:00+00:00,-1,1.12343,2019-04-05 05:00:00+00:00,1.12343,0.0,stop,0.0015600000000000058,0.0020493029762519805,0
SPOT,2019-04-09 13:00:00+00:00,2019-04-09 17:00:00+00:00,-1,1.12701,2019-04-10 05:00:00+00:00,1.12613,2.0,stop,0.00043999999999999595,0.0017212433897328126,1
SPOT,2019-04-12 13:00:00+00:00,2019-04-12 17:00:00+00:00,-1,1.12984,2019-04-12 17:00:00+00:00,1.12983996,4.0,hard_tp4R,1e-08,0.0020475807866156825,1
SPOT,2019-05-03 13:00:00+00:00,2019-05-03 17:00:00+00:00,1,1.11956,2019-05-05 21:00:00+00:00,1.11956,0.0,stop,0.0008500000000000174,0.002238393576329163,0
SPOT,2019-05-07 05:00:00+00:00,2019-05-07 09:00:00+00:00,-1,1.11963,2019-05-07 09:00:00+00:00,1.12047,-1.0,ambig_stop,0.0008400000000001739,0.002055246487199034,0
SPOT,2019-05-09 13:00:00+00:00,2019-05-09 17:00:00+00:00,-1,1.12153,2019-05-09 17:00:00+00:00,1.12152996,4.0,hard_tp4R,1e-08,0.0022035154392585207,1
SPOT,2019-05-15 01:00:00+00:00,2019-05-15 05:00:00+00:00,1,1.12095,2019-05-15 05:00:00+00:00,1.1209500399999999,4.0,hard_tp4R,1e-08,0.0017945226440409612,1
SPOT,2019-05-16 17:00:00+00:00,2019-05-16 21:00:00+00:00,1,1.11733,2019-05-16 21:00:00+00:00,1.11733004,4.0,hard_tp4R,1e-08,0.0019595547219997136,1
SPOT,2019-05-21 09:00:00+00:00,2019-05-21 13:00:00+00:00,1,1.11574,2019-05-21 13:00:00+00:00,1.1184999999999994,4.0,hard_tp4R,0.0006899999999998574,0.0015236980664233078,1
SPOT,2019-05-23 09:00:00+00:00,2019-05-23 13:00:00+00:00,1,1.11354,2019-05-23 13:00:00+00:00,1.11354004,4.0,hard_tp4R,1e-08,0.0015363449106074354,1
SPOT,2019-05-23 13:00:00+00:00,2019-05-23 17:00:00+00:00,1,1.1182,2019-05-28 01:00:00+00:00,1.1182,0.0,stop,0.0029616946969175063,0.0019744631312783377,0
SPOT,2019-05-24 05:00:00+00:00,2019-05-24 09:00:00+00:00,-1,1.11845,2019-05-24 09:00:00+00:00,1.11877,-1.0,ambig_stop,0.000320000000000098,0.0018277921046553824,0
SPOT,2019-05-30 05:00:00+00:00,2019-05-30 09:00:00+00:00,1,1.11341,2019-05-30 13:00:00+00:00,1.11243,-1.0,stop,0.0009799999999999809,0.0015277318508544661,0
SPOT,2019-06-03 05:00:00+00:00,2019-06-03 09:00:00+00:00,-1,1.11795,2019-06-03 09:00:00+00:00,1.11794996,4.0,hard_tp4R,1e-08,0.001870312007027406,1
SPOT,2019-06-04 05:00:00+00:00,2019-06-04 09:00:00+00:00,-1,1.1248,2019-06-04 09:00:00+00:00,1.1262,-1.0,ambig_stop,0.0014000000000000679,0.0022215663791670497,0
SPOT,2019-06-05 05:00:00+00:00,2019-06-05 09:00:00+00:00,-1,1.12791,2019-06-05 09:00:00+00:00,1.12790996,4.0,hard_tp4R,1e-08,0.0022636825832376517,1
SPOT,2019-06-05 09:00:00+00:00,2019-06-05 13:00:00+00:00,-1,1.12929,2019-06-05 13:00:00+00:00,1.12928996,4.0,hard_tp4R,1e-08,0.0024919909701492334,1
SPOT,2019-06-05 13:00:00+00:00,2019-06-05 17:00:00+00:00,-1,1.12353,2019-06-06 09:00:00+00:00,1.1277006302798507,-1.0000000000000124,stop,0.00417063027985071,0.00278042018656714,0
SPOT,2019-06-17 09:00:00+00:00,2019-06-17 13:00:00+00:00,1,1.1237,2019-06-18 05:00:00+00:00,1.1206102937560307,-0.9999999999999831,stop,0.0030897062439692556,0.0020598041626461706,0
SPOT,2019-06-21 01:00:00+00:00,2019-06-21 05:00:00+00:00,-1,1.12947,2019-06-21 09:00:00+00:00,1.13174,-1.0,stop,0.0022699999999999942,0.0022341041150136937,0
SPOT,2019-06-25 05:00:00+00:00,2019-06-25 09:00:00+00:00,-1,1.13851,2019-06-25 09:00:00+00:00,1.13850996,4.0,hard_tp4R,1e-08,0.0021802387796796665,1
SPOT,2019-06-27 05:00:00+00:00,2019-06-27 09:00:00+00:00,1,1.13716,2019-07-01 05:00:00+00:00,1.13475,-1.0,stop,0.0024100000000000232,0.002270952567116703,0
SPOT,2019-07-02 01:00:00+00:00,2019-07-02 05:00:00+00:00,1,1.12897,2019-07-02 05:00:00+00:00,1.12897004,4.0,hard_tp4R,1e-08,0.002304223837477948,1
SPOT,2019-07-11 13:00:00+00:00,2019-07-11 17:00:00+00:00,-1,1.12544,2019-07-11 17:00:00+00:00,1.12543996,4.0,hard_tp4R,1e-08,0.0018516161417021682,1
SPOT,2019-07-17 05:00:00+00:00,2019-07-17 09:00:00+00:00,1,1.12107,2019-07-17 17:00:00+00:00,1.12195,1.0,stop,0.0008799999999999919,0.0016196366856131683,1
SPOT,2019-07-24 05:00:00+00:00,2019-07-24 09:00:00+00:00,1,1.11386,2019-07-24 09:00:00+00:00,1.11386004,4.0,hard_tp4R,1e-08,0.0017092397316279641,1
SPOT,2019-07-29 13:00:00+00:00,2019-07-29 17:00:00+00:00,1,1.114,2019-07-31 17:00:00+00:00,1.1112,-1.0,stop,0.0028000000000001357,0.0018999149257818697,0
SPOT,2019-07-29 17:00:00+00:00,2019-07-29 21:00:00+00:00,1,1.11446,2019-07-31 17:00:00+00:00,1.1116861899248038,-0.999999999999997,stop,0.0027738100751961785,0.0018492067167974523,0
SPOT,2019-07-30 05:00:00+00:00,2019-07-30 09:00:00+00:00,1,1.11469,2019-07-31 13:00:00+00:00,1.1121105864667615,-1.0000000000000349,stop,0.002579413533238338,0.0017196090221588919,0
SPOT,2019-08-13 13:00:00+00:00,2019-08-13 17:00:00+00:00,-1,1.11796,2019-08-23 13:00:00+00:00,1.10988544814527,2.0000000000000018,stop,0.0040372759273650215,0.002691517284910014,1
SPOT,2019-08-15 05:00:00+00:00,2019-08-15 09:00:00+00:00,1,1.11483,2019-08-15 13:00:00+00:00,1.11307,-1.0,stop,0.0017599999999999838,0.0022222056948905757,0
SPOT,2019-08-16 09:00:00+00:00,2019-08-16 13:00:00+00:00,1,1.1074,2019-08-16 13:00:00+00:00,1.10740004,4.0,hard_tp4R,1e-08,0.0022518360433530366,1
SPOT,2019-08-16 13:00:00+00:00,2019-08-16 17:00:00+00:00,1,1.10934,2019-08-16 17:00:00+00:00,1.1101800000000002,4.0,hard_tp4R,0.00021000000000004349,0.002365990611684972,1
SPOT,2019-08-20 09:00:00+00:00,2019-08-20 13:00:00+00:00,1,1.10774,2019-08-20 13:00:00+00:00,1.1082599999999998,4.0,hard_tp4R,0.00012999999999996348,0.0017825918223903427,1
SPOT,2019-08-20 13:00:00+00:00,2019-08-20 17:00:00+00:00,1,1.10987,2019-08-22 05:00:00+00:00,1.10761,-1.0,stop,0.0022599999999999287,0.0018995495493624595,0
SPOT,2019-08-22 13:00:00+00:00,2019-08-22 17:00:00+00:00,-1,1.10819,2019-08-23 13:00:00+00:00,1.10819,0.0,stop,0.0025200000000000777,0.0019986850831666754,0
SPOT,2019-08-23 09:00:00+00:00,2019-08-23 13:00:00+00:00,1,1.10634,2019-08-23 13:00:00+00:00,1.10634004,4.0,hard_tp4R,1e-08,0.0018160056460555947,1
SPOT,2019-08-23 13:00:00+00:00,2019-08-23 17:00:00+00:00,1,1.11385,2019-08-26 17:00:00+00:00,1.110301634992994,-1.0000000000000178,stop,0.0035483650070059973,0.0023655766713373315,0
SPOT,2019-08-30 17:00:00+00:00,2019-09-01 21:00:00+00:00,1,1.09899,2019-09-01 21:00:00+00:00,1.09899004,4.0,hard_tp4R,1e-08,0.002048545982333359,1
SPOT,2019-09-03 05:00:00+00:00,2019-09-03 09:00:00+00:00,1,1.09491,2019-09-03 09:00:00+00:00,1.09490999,-0.999999993922529,stop,1e-08,0.0018859510132783381,0
SPOT,2019-09-03 09:00:00+00:00,2019-09-03 13:00:00+00:00,1,1.09399,2019-09-03 13:00:00+00:00,1.09399004,4.0,hard_tp4R,1e-08,0.0019169545123298927,1
SPOT,2019-09-05 13:00:00+00:00,2019-09-05 17:00:00+00:00,-1,1.10411,2019-09-12 09:00:00+00:00,1.10411,0.0,ambig_stop,0.003397059999667134,0.0022647066664447557,0
SPOT,2019-09-27 05:00:00+00:00,2019-09-27 09:00:00+00:00,1,1.09239,2019-09-27 09:00:00+00:00,1.09239004,4.0,hard_tp4R,1e-08,0.0022608856481625855,1
SPOT,2019-10-01 09:00:00+00:00,2019-10-01 13:00:00+00:00,1,1.08956,2019-10-01 13:00:00+00:00,1.0938800000000009,4.0,hard_tp4R,0.001080000000000192,0.001979227357626668,1
SPOT,2019-10-01 13:00:00+00:00,2019-10-01 17:00:00+00:00,1,1.09379,2019-10-02 05:00:00+00:00,1.090407504751877,-1.0000000000000253,stop,0.003382495248122866,0.0022549968320819107,0
SPOT,2019-10-02 17:00:00+00:00,2019-10-02 21:00:00+00:00,-1,1.0959,2019-10-02 21:00:00+00:00,1.0958999600000001,4.0,hard_tp4R,1e-08,0.0021607188148573377,1
SPOT,2019-10-10 17:00:00+00:00,2019-10-10 21:00:00+00:00,-1,1.10051,2019-10-10 21:00:00+00:00,1.1005099600000001,4.0,hard_tp4R,1e-08,0.002075595665641772,1
SPOT,2019-10-11 13:00:00+00:00,2019-10-11 17:00:00+00:00,-1,1.10505,2019-10-11 17:00:00+00:00,1.10504996,4.0,hard_tp4R,1e-08,0.0023260925534805714,1
SPOT,2019-10-16 05:00:00+00:00,2019-10-16 09:00:00+00:00,-1,1.10362,2019-10-16 09:00:00+00:00,1.10461,-1.0,ambig_stop,0.0009900000000000464,0.0021352769484605663,0
SPOT,2019-10-21 09:00:00+00:00,2019-10-21 13:00:00+00:00,-1,1.1161,2019-10-22 13:00:00+00:00,1.1139200000000005,2.0,stop,0.0010899999999998133,0.0019965078048027954,1
SPOT,2019-10-24 17:00:00+00:00,2019-10-24 21:00:00+00:00,1,1.1104,2019-10-24 21:00:00+00:00,1.11040004,4.0,hard_tp4R,1e-08,0.0021424342039115763,1
SPOT,2019-10-25 17:00:00+00:00,2019-10-27 21:00:00+00:00,1,1.108,2019-10-27 21:00:00+00:00,1.10800004,4.0,hard_tp4R,1e-08,0.0020031790720368764,1
SPOT,2019-10-29 09:00:00+00:00,2019-10-29 13:00:00+00:00,1,1.10949,2019-10-30 17:00:00+00:00,1.10949,0.0,ambig_stop,0.0021999999999999797,0.0016512793011704105,0
SPOT,2019-10-30 17:00:00+00:00,2019-10-30 21:00:00+00:00,1,1.11503,2019-11-05 02:00:00+00:00,1.1119744665399192,-0.9999999999999659,stop,0.00305553346008091,0.0020370223067206067,0
SPOT,2019-10-31 05:00:00+00:00,2019-10-31 09:00:00+00:00,-1,1.11749,2019-10-31 09:00:00+00:00,1.1174899600000001,4.0,hard_tp4R,1e-08,0.001925975950388169,1
SPOT,2019-11-01 13:00:00+00:00,2019-11-01 17:00:00+00:00,-1,1.11681,2019-11-03 22:00:00+00:00,1.11681,0.0,stop,0.0007699999999999374,0.0020907632235746703,0
SPOT,2019-11-07 18:00:00+00:00,2019-11-07 22:00:00+00:00,1,1.10497,2019-11-07 22:00:00+00:00,1.10497004,4.0,hard_tp4R,1e-08,0.0018940029252566808,1
SPOT,2019-11-12 10:00:00+00:00,2019-11-12 14:00:00+00:00,1,1.10203,2019-11-12 14:00:00+00:00,1.10165,-1.0,stop,0.00038000000000004697,0.0015218694058257913,0
SPOT,2019-11-13 06:00:00+00:00,2019-11-13 10:00:00+00:00,1,1.10154,2019-11-13 10:00:00+00:00,1.10024,-1.0,stop,0.0012999999999998568,0.0014502922281216214,0
SPOT,2019-11-18 06:00:00+00:00,2019-11-18 10:00:00+00:00,-1,1.1062,2019-11-18 10:00:00+00:00,1.10619996,4.0,hard_tp4R,1e-08,0.001380848148180199,1
SPOT,2019-11-21 18:00:00+00:00,2019-11-21 22:00:00+00:00,1,1.10584,2019-11-22 06:00:00+00:00,1.1080399999999992,4.0,hard_tp4R,0.0005499999999998284,0.0014353928100566695,1
SPOT,2019-11-25 10:00:00+00:00,2019-11-25 14:00:00+00:00,1,1.10165,2019-11-25 14:00:00+00:00,1.10245,4.0,hard_tp4R,0.00019999999999997797,0.0016226568879818307,1
SPOT,2019-11-26 14:00:00+00:00,2019-11-26 18:00:00+00:00,1,1.10201,2019-11-27 06:00:00+00:00,1.10036,-1.0,stop,0.0016499999999999293,0.0014317100771139828,0
SPOT,2019-11-27 06:00:00+00:00,2019-11-27 10:00:00+00:00,1,1.10092,2019-11-27 10:00:00+00:00,1.10071,-1.0,ambig_stop,0.00020999999999982144,0.0013168302663591205,0
SPOT,2019-11-29 14:00:00+00:00,2019-11-29 18:00:00+00:00,1,1.10161,2019-12-02 14:00:00+00:00,1.1078900000000003,4.0,hard_tp4R,0.0015700000000000713,0.0013738406996127756,1
SPOT,2019-12-04 10:00:00+00:00,2019-12-04 14:00:00+00:00,-1,1.11072,2019-12-04 14:00:00+00:00,1.11071996,4.0,hard_tp4R,1e-08,0.0017286642051730578,1
SPOT,2019-12-05 18:00:00+00:00,2019-12-05 22:00:00+00:00,-1,1.11042,2019-12-06 14:00:00+00:00,1.1056199999999996,4.0,hard_tp4R,0.0012000000000000899,0.0016691248618344015,1
SPOT,2019-12-23 14:00:00+00:00,2019-12-23 18:00:00+00:00,1,1.10909,2019-12-29 22:00:00+00:00,1.1189299999999995,4.0,hard_tp4R,0.0024599999999999067,0.0016409294473455247,1
SPOT,2019-12-30 06:00:00+00:00,2019-12-30 10:00:00+00:00,-1,1.11995,2019-12-30 10:00:00+00:00,1.11994996,4.0,hard_tp4R,1e-08,0.0017308362565630728,1
SPOT,2019-12-30 18:00:00+00:00,2019-12-30 22:00:00+00:00,-1,1.11985,2019-12-30 22:00:00+00:00,1.12109,-1.0,stop,0.0012399999999999078,0.001841766492590764,0
SPOT,2020-01-09 14:00:00+00:00,2020-01-09 18:00:00+00:00,1,1.11046,2020-01-09 22:00:00+00:00,1.11046,0.0,stop,0.00025999999999992696,0.0019737950811761656,0
SPOT,2020-01-10 10:00:00+00:00,2020-01-10 14:00:00+00:00,1,1.10968,2020-01-10 14:00:00+00:00,1.1113600000000003,4.0,hard_tp4R,0.00042000000000008697,0.0018237857683464146,1
SPOT,2020-01-14 14:00:00+00:00,2020-01-14 18:00:00+00:00,1,1.11311,2020-01-16 14:00:00+00:00,1.1149600000000002,1.0,stop,0.0018500000000001293,0.0018323563638958094,1
SPOT,2020-01-21 06:00:00+00:00,2020-01-21 10:00:00+00:00,1,1.10907,2020-01-21 14:00:00+00:00,1.10907,0.0,stop,0.0014000000000000679,0.0013823055499408202,0
SPOT,2020-01-22 02:00:00+00:00,2020-01-22 06:00:00+00:00,1,1.10845,2020-01-22 06:00:00+00:00,1.10845004,4.0,hard_tp4R,1e-08,0.001454662016857135,1
SPOT,2020-01-22 06:00:00+00:00,2020-01-22 10:00:00+00:00,1,1.10908,2020-01-22 10:00:00+00:00,1.10856,-1.0,stop,0.000520000000000076,0.0014793290156530558,0
SPOT,2020-01-29 14:00:00+00:00,2020-01-29 18:00:00+00:00,1,1.10049,2020-01-30 10:00:00+00:00,1.1012,1.0,ambig_stop,0.0007099999999999884,0.0014595832499559782,1
SPOT,2020-02-06 06:00:00+00:00,2020-02-06 10:00:00+00:00,1,1.0999,2020-02-06 14:00:00+00:00,1.0999,0.0,stop,0.0005300000000001415,0.001450498638109055,0
SPOT,2020-02-11 06:00:00+00:00,2020-02-11 10:00:00+00:00,1,1.09137,2020-02-11 10:00:00+00:00,1.09077,-1.0,ambig_stop,0.0005999999999999339,0.001487997154472952,0
SPOT,2020-02-11 14:00:00+00:00,2020-02-11 18:00:00+00:00,1,1.09218,2020-02-12 06:00:00+00:00,1.09077,-1.0,stop,0.0014099999999999113,0.0016437322403363742,0
SPOT,2020-02-19 18:00:00+00:00,2020-02-19 22:00:00+00:00,1,1.08037,2020-02-20 06:00:00+00:00,1.07856,-1.0,stop,0.0018100000000000893,0.0017887868697486823,0
SPOT,2020-02-25 18:00:00+00:00,2020-02-25 22:00:00+00:00,-1,1.08813,2020-02-25 22:00:00+00:00,1.08812996,4.0,hard_tp4R,1e-08,0.0024792232669837403,1
SPOT,2020-02-28 18:00:00+00:00,2020-03-01 22:00:00+00:00,-1,1.1045,2020-03-01 22:00:00+00:00,1.10732,-1.0,stop,0.0028200000000000447,0.003727479319489169,0
SPOT,2020-03-02 18:00:00+00:00,2020-03-02 22:00:00+00:00,-1,1.11335,2020-03-02 22:00:00+00:00,1.11334996,4.0,hard_tp4R,1e-08,0.004538767882459725,1
SPOT,2020-03-06 14:00:00+00:00,2020-03-06 18:00:00+00:00,-1,1.13053,2020-03-06 18:00:00+00:00,1.13052996,4.0,hard_tp4R,1e-08,0.004439181163073234,1
SPOT,2020-03-11 17:00:00+00:00,2020-03-11 21:00:00+00:00,1,1.12693,2020-03-11 21:00:00+00:00,1.12693004,4.0,hard_tp4R,1e-08,0.005923604644141812,1
SPOT,2020-03-12 17:00:00+00:00,2020-03-12 21:00:00+00:00,1,1.11845,2020-03-12 21:00:00+00:00,1.11845004,4.0,hard_tp4R,1e-08,0.007197504962959914,1
SPOT,2020-03-18 17:00:00+00:00,2020-03-18 21:00:00+00:00,1,1.09091,2020-03-18 21:00:00+00:00,1.09091004,4.0,hard_tp4R,1e-08,0.007871659247992225,1
SPOT,2020-03-20 01:00:00+00:00,2020-03-20 05:00:00+00:00,1,1.07648,2020-03-20 05:00:00+00:00,1.07648004,4.0,hard_tp4R,1e-08,0.008625149385076485,1
SPOT,2020-03-23 01:00:00+00:00,2020-03-23 05:00:00+00:00,1,1.07356,2020-03-23 17:00:00+00:00,1.07356,0.0,stop,0.00829000000000013,0.008357771655282837,0
SPOT,2020-04-02 17:00:00+00:00,2020-04-02 21:00:00+00:00,1,1.08548,2020-04-02 21:00:00+00:00,1.08548004,4.0,hard_tp4R,1e-08,0.005430806351335818,1
SPOT,2020-04-03 13:00:00+00:00,2020-04-03 17:00:00+00:00,1,1.07871,2020-04-03 17:00:00+00:00,1.07871004,4.0,hard_tp4R,1e-08,0.004951873573151314,1
SPOT,2020-04-06 13:00:00+00:00,2020-04-06 17:00:00+00:00,1,1.08018,2020-04-07 13:00:00+00:00,1.0918599999999992,4.0,hard_tp4R,0.0029199999999998116,0.004564939828928228,1
SPOT,2020-04-09 17:00:00+00:00,2020-04-09 21:00:00+00:00,-1,1.09287,2020-04-09 21:00:00+00:00,1.09286996,4.0,hard_tp4R,1e-08,0.0039820959278183765,1
SPOT,2020-04-13 09:00:00+00:00,2020-04-13 13:00:00+00:00,-1,1.09224,2020-04-14 09:00:00+00:00,1.09527,-1.0,stop,0.003029999999999866,0.00310156238054384,0
SPOT,2020-04-16 05:00:00+00:00,2020-04-16 09:00:00+00:00,1,1.08878,2020-04-16 09:00:00+00:00,1.08568,-1.0,stop,0.0031000000000001027,0.0035845747164655727,0
SPOT,2020-04-21 13:00:00+00:00,2020-04-21 17:00:00+00:00,1,1.08441,2020-04-21 17:00:00+00:00,1.0856500000000002,4.0,hard_tp4R,0.00031000000000003247,0.0035215409739195124,1
SPOT,2020-04-27 09:00:00+00:00,2020-04-27 13:00:00+00:00,-1,1.08511,2020-04-27 13:00:00+00:00,1.08510996,4.0,hard_tp4R,1e-08,0.0033334982796923564,1
SPOT,2020-04-27 13:00:00+00:00,2020-04-27 17:00:00+00:00,-1,1.08213,2020-04-28 05:00:00+00:00,1.08469,-1.0,stop,0.0025599999999998957,0.0033889626882857636,0
SPOT,2020-04-30 05:00:00+00:00,2020-04-30 09:00:00+00:00,-1,1.08858,2020-04-30 09:00:00+00:00,1.0885799600000001,4.0,hard_tp4R,1e-08,0.003090721597040383,1
SPOT,2020-05-01 13:00:00+00:00,2020-05-01 17:00:00+00:00,-1,1.09874,2020-05-01 17:00:00+00:00,1.09873996,4.0,hard_tp4R,1e-08,0.003483161573698507,1
SPOT,2020-05-07 01:00:00+00:00,2020-05-07 05:00:00+00:00,1,1.07991,2020-05-07 09:00:00+00:00,1.07991,0.0,stop,0.0017099999999998783,0.002882187425158402,0
SPOT,2020-05-07 09:00:00+00:00,2020-05-07 13:00:00+00:00,1,1.07944,2020-05-07 13:00:00+00:00,1.0782,-1.0,ambig_stop,0.0012399999999999078,0.0028632636472029015,0
SPOT,2020-05-07 13:00:00+00:00,2020-05-07 17:00:00+00:00,1,1.08124,2020-05-08 17:00:00+00:00,1.08428,1.0,stop,0.0030399999999999316,0.00303088767240269,1
SPOT,2020-05-12 01:00:00+00:00,2020-05-12 05:00:00+00:00,1,1.08047,2020-05-12 05:00:00+00:00,1.08047004,4.0,hard_tp4R,1e-08,0.00275337231588057,1
SPOT,2020-05-14 09:00:00+00:00,2020-05-14 13:00:00+00:00,1,1.0789,2020-05-14 13:00:00+00:00,1.0807799999999999,4.0,hard_tp4R,0.00046999999999997044,0.0028043819088986025,1
SPOT,2020-05-14 13:00:00+00:00,2020-05-14 17:00:00+00:00,1,1.07823,2020-05-14 17:00:00+00:00,1.07823004,4.0,hard_tp4R,1e-08,0.002856926058262995,1
SPOT,2020-05-19 09:00:00+00:00,2020-05-19 13:00:00+00:00,-1,1.09506,2020-05-19 13:00:00+00:00,1.09505996,4.0,hard_tp4R,1e-08,0.00301818824470659,1
SPOT,2020-05-29 13:00:00+00:00,2020-05-29 17:00:00+00:00,-1,1.10978,2020-05-29 17:00:00+00:00,1.10977996,4.0,hard_tp4R,1e-08,0.0032960279935076563,1
SPOT,2020-06-01 21:00:00+00:00,2020-06-02 01:00:00+00:00,-1,1.11318,2020-06-02 05:00:00+00:00,1.11541,-1.0,stop,0.0022299999999999542,0.003032277726207905,0
SPOT,2020-06-03 17:00:00+00:00,2020-06-03 21:00:00+00:00,-1,1.12331,2020-06-03 21:00:00+00:00,1.12330996,4.0,hard_tp4R,1e-08,0.0033765415287122886,1
SPOT,2020-06-05 05:00:00+00:00,2020-06-05 09:00:00+00:00,-1,1.13322,2020-06-08 13:00:00+00:00,1.1301799999999997,1.0,stop,0.0030400000000001537,0.004005127374174023,1
SPOT,2020-06-10 17:00:00+00:00,2020-06-10 21:00:00+00:00,-1,1.13722,2020-06-10 21:00:00+00:00,1.13721996,4.0,hard_tp4R,1e-08,0.003950490413986622,1
SPOT,2020-06-12 17:00:00+00:00,2020-06-14 21:00:00+00:00,1,1.12333,2020-06-14 21:00:00+00:00,1.12333004,4.0,hard_tp4R,1e-08,0.004586508422621712,1
SPOT,2020-06-26 13:00:00+00:00,2020-06-26 17:00:00+00:00,1,1.12295,2020-06-29 13:00:00+00:00,1.12295,0.0,stop,0.003909999999999858,0.0029428393992610015,0
SPOT,2020-07-14 17:00:00+00:00,2020-07-14 21:00:00+00:00,-1,1.13995,2020-07-14 21:00:00+00:00,1.13994996,4.0,hard_tp4R,1e-08,0.002907706286189402,1
SPOT,2020-07-21 01:00:00+00:00,2020-07-21 05:00:00+00:00,-1,1.14305,2020-07-21 13:00:00+00:00,1.14677,-1.0,stop,0.0037200000000001676,0.003127006088527073,0
SPOT,2020-07-23 05:00:00+00:00,2020-07-23 09:00:00+00:00,-1,1.15885,2020-07-23 13:00:00+00:00,1.15885,0.0,ambig_stop,0.0013100000000001444,0.0032403814857438653,0
SPOT,2020-07-24 01:00:00+00:00,2020-07-24 05:00:00+00:00,-1,1.15982,2020-07-24 13:00:00+00:00,1.16268,-1.0,stop,0.0028599999999998627,0.0035868755819492846,0
SPOT,2020-07-27 17:00:00+00:00,2020-07-27 21:00:00+00:00,-1,1.17512,2020-07-27 21:00:00+00:00,1.17511996,4.0,hard_tp4R,1e-08,0.0039243830440634135,1
SPOT,2020-07-31 05:00:00+00:00,2020-07-31 09:00:00+00:00,-1,1.1858,2020-07-31 09:00:00+00:00,1.18579996,4.0,hard_tp4R,1e-08,0.00393062129679281,1
SPOT,2020-08-11 05:00:00+00:00,2020-08-11 09:00:00+00:00,1,1.17723,2020-08-11 13:00:00+00:00,1.17723,0.0,stop,0.0016799999999999038,0.0037048795117726368,0
SPOT,2020-08-11 17:00:00+00:00,2020-08-11 21:00:00+00:00,1,1.17397,2020-08-12 01:00:00+00:00,1.1722,-1.0,stop,0.0017700000000000493,0.003772467305890852,0
SPOT,2020-08-12 05:00:00+00:00,2020-08-12 09:00:00+00:00,1,1.17476,2020-08-13 09:00:00+00:00,1.1850000000000005,4.0,hard_tp4R,0.0025600000000001177,0.0036883675914877023,1
SPOT,2020-08-13 09:00:00+00:00,2020-08-13 13:00:00+00:00,-1,1.18488,2020-08-13 13:00:00+00:00,1.18487996,4.0,hard_tp4R,1e-08,0.003511237426627192,1
SPOT,2020-08-13 13:00:00+00:00,2020-08-13 17:00:00+00:00,-1,1.18173,2020-08-13 17:00:00+00:00,1.18172996,4.0,hard_tp4R,1e-08,0.0036247204675823996,1
SPOT,2020-08-20 09:00:00+00:00,2020-08-20 13:00:00+00:00,1,1.18306,2020-08-20 13:00:00+00:00,1.1832200000000002,4.0,hard_tp4R,4.0000000000040004e-05,0.003486549729922811,1
SPOT,2020-08-20 13:00:00+00:00,2020-08-20 17:00:00+00:00,1,1.1854,2020-08-21 05:00:00+00:00,1.1854,0.0,stop,0.0023800000000000487,0.0036882247492140414,0
SPOT,2020-08-27 13:00:00+00:00,2020-08-27 17:00:00+00:00,-1,1.17974,2020-08-28 01:00:00+00:00,1.18498,-1.0,stop,0.005239999999999911,0.003978431264659672,0
SPOT,2020-08-28 13:00:00+00:00,2020-08-28 17:00:00+00:00,-1,1.18885,2020-08-28 17:00:00+00:00,1.1902,-1.0,stop,0.0013499999999999623,0.004136488790828598,0
SPOT,2020-08-31 01:00:00+00:00,2020-08-31 05:00:00+00:00,-1,1.19011,2020-08-31 09:00:00+00:00,1.19197,-1.0,stop,0.0018599999999999728,0.0038122798372632574,0
SPOT,2020-09-01 05:00:00+00:00,2020-09-01 09:00:00+00:00,-1,1.19731,2020-09-01 09:00:00+00:00,1.1973099600000001,4.0,hard_tp4R,1e-08,0.0036483746972993994,1
SPOT,2020-09-01 13:00:00+00:00,2020-09-01 17:00:00+00:00,-1,1.19341,2020-09-09 09:00:00+00:00,1.1816343062677002,1.9999999999999845,stop,0.005887846866150005,0.003925231244100004,1
SPOT,2020-09-02 13:00:00+00:00,2020-09-02 17:00:00+00:00,1,1.18481,2020-09-02 17:00:00+00:00,1.18481004,4.0,hard_tp4R,1e-08,0.003762656857753664,1
SPOT,2020-09-04 13:00:00+00:00,2020-09-04 17:00:00+00:00,1,1.1835,2020-09-08 09:00:00+00:00,1.1789,-1.0,stop,0.0045999999999999375,0.0037518047998361865,0
SPOT,2020-09-09 09:00:00+00:00,2020-09-09 13:00:00+00:00,1,1.17985,2020-09-10 17:00:00+00:00,1.18402,1.0,stop,0.004170000000000007,0.003044512006683299,1
SPOT,2020-09-18 05:00:00+00:00,2020-09-18 09:00:00+00:00,-1,1.1859,2020-09-18 13:00:00+00:00,1.1859,0.0,stop,0.0023699999999999832,0.0033086756206953433,0
SPOT,2020-09-18 13:00:00+00:00,2020-09-18 17:00:00+00:00,-1,1.18656,2020-09-21 01:00:00+00:00,1.18656,0.0,stop,0.0017099999999998783,0.0033915621423342432,0
SPOT,2020-09-21 05:00:00+00:00,2020-09-21 09:00:00+00:00,-1,1.18012,2020-09-29 09:00:00+00:00,1.1695407130091207,1.999999999999991,stop,0.005289643495439724,0.003526428996959816,1
SPOT,2020-09-24 13:00:00+00:00,2020-09-24 17:00:00+00:00,1,1.16625,2020-09-25 01:00:00+00:00,1.16625,0.0,stop,0.0011300000000000754,0.0033312559741888953,0
SPOT,2020-09-30 01:00:00+00:00,2020-09-30 05:00:00+00:00,-1,1.17343,2020-09-30 05:00:00+00:00,1.17342996,4.0,hard_tp4R,1e-08,0.0026628134896004543,1
SPOT,2020-09-30 13:00:00+00:00,2020-09-30 17:00:00+00:00,-1,1.17215,2020-10-01 05:00:00+00:00,1.1755,-1.0,stop,0.003349999999999964,0.0030039435993630356,0
SPOT,2020-10-06 01:00:00+00:00,2020-10-06 05:00:00+00:00,-1,1.17884,2020-10-06 05:00:00+00:00,1.17976,-1.0,ambig_stop,0.0009199999999998099,0.002512500040454773,0
SPOT,2020-10-06 13:00:00+00:00,2020-10-06 17:00:00+00:00,-1,1.17809,2020-10-07 05:00:00+00:00,1.1747500000000004,2.0,stop,0.0016699999999998383,0.0026704163953640957,1
SPOT,2020-10-14 05:00:00+00:00,2020-10-14 09:00:00+00:00,1,1.17403,2020-10-14 09:00:00+00:00,1.17305,-1.0,ambig_stop,0.0009799999999999809,0.0021774579406815143,0
SPOT,2020-10-19 13:00:00+00:00,2020-10-19 17:00:00+00:00,-1,1.17819,2020-10-19 17:00:00+00:00,1.17818996,4.0,hard_tp4R,1e-08,0.0025141565995013618,1
SPOT,2020-10-19 17:00:00+00:00,2020-10-19 21:00:00+00:00,-1,1.17693,2020-10-19 21:00:00+00:00,1.17692996,4.0,hard_tp4R,1e-08,0.0024852882709655386,1
SPOT,2020-11-02 06:00:00+00:00,2020-11-02 10:00:00+00:00,1,1.16402,2020-11-02 10:00:00+00:00,1.16402004,4.0,hard_tp4R,1e-08,0.002697788930713563,1
SPOT,2020-11-03 14:00:00+00:00,2020-11-03 18:00:00+00:00,-1,1.17096,2020-11-03 18:00:00+00:00,1.17095996,4.0,hard_tp4R,1e-08,0.0026350328168491173,1
SPOT,2020-11-06 18:00:00+00:00,2020-11-08 22:00:00+00:00,-1,1.18898,2020-11-08 22:00:00+00:00,1.18897996,4.0,hard_tp4R,1e-08,0.004061672121715438,1
SPOT,2020-11-09 02:00:00+00:00,2020-11-09 06:00:00+00:00,-1,1.18807,2020-11-09 06:00:00+00:00,1.18806996,4.0,hard_tp4R,1e-08,0.0037629723906627923,1
SPOT,2020-11-11 14:00:00+00:00,2020-11-11 18:00:00+00:00,1,1.1773,2020-11-11 18:00:00+00:00,1.17730004,4.0,hard_tp4R,1e-08,0.0036316716286966563,1
SPOT,2020-11-16 06:00:00+00:00,2020-11-16 10:00:00+00:00,-1,1.18451,2020-11-16 10:00:00+00:00,1.18450996,4.0,hard_tp4R,1e-08,0.0025622677577411394,1
SPOT,2020-11-16 10:00:00+00:00,2020-11-16 14:00:00+00:00,-1,1.18211,2020-11-16 14:00:00+00:00,1.18232,-1.0,ambig_stop,0.00021000000000004349,0.0026313914893310608,0
SPOT,2020-11-18 06:00:00+00:00,2020-11-18 10:00:00+00:00,-1,1.18882,2020-11-18 10:00:00+00:00,1.1865799999999995,4.0,hard_tp4R,0.000560000000000116,0.002357018789100161,1
SPOT,2020-11-23 14:00:00+00:00,2020-11-23 18:00:00+00:00,-1,1.18413,2020-11-24 06:00:00+00:00,1.1884744272425645,-1.0000000000000049,stop,0.004344427242564542,0.0028962848283763613,0
SPOT,2020-11-25 06:00:00+00:00,2020-11-25 10:00:00+00:00,-1,1.19047,2020-11-25 10:00:00+00:00,1.1899099999999998,4.0,hard_tp4R,0.000140000000000029,0.0028521470142440974,1
SPOT,2020-11-30 18:00:00+00:00,2020-11-30 22:00:00+00:00,-1,1.19232,2020-11-30 22:00:00+00:00,1.1941,-1.0,stop,0.0017799999999998928,0.0025526981583421145,0
SPOT,2020-12-01 22:00:00+00:00,2020-12-02 02:00:00+00:00,-1,1.20684,2020-12-02 02:00:00+00:00,1.20683996,4.0,hard_tp4R,1e-08,0.0028700399628552183,1
SPOT,2020-12-02 02:00:00+00:00,2020-12-02 06:00:00+00:00,-1,1.20683,2020-12-02 06:00:00+00:00,1.20682996,4.0,hard_tp4R,1e-08,0.0027893228226512795,1
SPOT,2020-12-04 14:00:00+00:00,2020-12-04 18:00:00+00:00,-1,1.21438,2020-12-07 10:00:00+00:00,1.2113,1.0,stop,0.0030799999999999716,0.0030139635040667885,1
SPOT,2020-12-11 02:00:00+00:00,2020-12-11 06:00:00+00:00,-1,1.21552,2020-12-11 06:00:00+00:00,1.21551996,4.0,hard_tp4R,1e-08,0.003009927140984902,1
SPOT,2020-12-11 06:00:00+00:00,2020-12-11 10:00:00+00:00,-1,1.21175,2020-12-14 06:00:00+00:00,1.21474,-1.0,stop,0.002989999999999826,0.0031563609166288266,0
SPOT,2020-12-14 14:00:00+00:00,2020-12-14 18:00:00+00:00,-1,1.21575,2020-12-14 22:00:00+00:00,1.21575,0.0,ambig_stop,0.0005499999999998284,0.002969724203448649,0
SPOT,2021-01-06 10:00:00+00:00,2021-01-06 14:00:00+00:00,-1,1.23196,2021-01-06 14:00:00+00:00,1.23195996,4.0,hard_tp4R,1e-08,0.0032563590827426356,1
SPOT,2021-01-07 14:00:00+00:00,2021-01-07 18:00:00+00:00,1,1.22656,2021-01-07 18:00:00+00:00,1.2266000000000004,4.0,hard_tp4R,1.0000000000065512e-05,0.0035079459778851563,1
SPOT,2021-01-21 10:00:00+00:00,2021-01-21 14:00:00+00:00,-1,1.21516,2021-01-21 14:00:00+00:00,1.21582,-1.0,ambig_stop,0.0006599999999998829,0.002692197119540113,0
SPOT,2021-01-26 06:00:00+00:00,2021-01-26 10:00:00+00:00,1,1.21288,2021-01-27 02:00:00+00:00,1.2154399999999999,2.0,stop,0.0012799999999999478,0.0024166528354235208,1
SPOT,2021-02-03 10:00:00+00:00,2021-02-03 14:00:00+00:00,1,1.20171,2021-02-03 14:00:00+00:00,1.20114,-1.0,ambig_stop,0.0005699999999999594,0.0026249494775444308,0
SPOT,2021-02-05 02:00:00+00:00,2021-02-05 06:00:00+00:00,1,1.19629,2021-02-05 06:00:00+00:00,1.1985300000000005,4.0,hard_tp4R,0.000560000000000116,0.0023072986716319286,1
SPOT,2021-02-16 10:00:00+00:00,2021-02-16 14:00:00+00:00,-1,1.21082,2021-02-18 06:00:00+00:00,1.2073299154540957,0.9999999999999988,stop,0.003490084545904275,0.00232672303060285,0
SPOT,2021-02-25 14:00:00+00:00,2021-02-25 18:00:00+00:00,-1,1.22124,2021-02-25 18:00:00+00:00,1.2212399600000001,4.0,hard_tp4R,1e-08,0.0029141987534274235,1
SPOT,2021-02-28 22:00:00+00:00,2021-03-01 02:00:00+00:00,1,1.20842,2021-03-01 02:00:00+00:00,1.20842004,4.0,hard_tp4R,1e-08,0.0034738039348224184,1
SPOT,2021-03-01 18:00:00+00:00,2021-03-01 22:00:00+00:00,1,1.20484,2021-03-01 22:00:00+00:00,1.20484004,4.0,hard_tp4R,1e-08,0.003369288195342765,1
SPOT,2021-03-02 10:00:00+00:00,2021-03-02 14:00:00+00:00,1,1.20291,2021-03-02 14:00:00+00:00,1.20291004,4.0,hard_tp4R,1e-08,0.0032241625923361385,1
SPOT,2021-03-05 14:00:00+00:00,2021-03-05 18:00:00+00:00,1,1.19119,2021-03-05 18:00:00+00:00,1.19119004,4.0,hard_tp4R,1e-08,0.0033845587100398825,1
SPOT,2021-03-09 02:00:00+00:00,2021-03-09 06:00:00+00:00,1,1.18539,2021-03-09 06:00:00+00:00,1.18539004,4.0,hard_tp4R,1e-08,0.003108519152174622,1
SPOT,2021-03-16 13:00:00+00:00,2021-03-16 17:00:00+00:00,1,1.18932,2021-03-16 17:00:00+00:00,1.18932004,4.0,hard_tp4R,1e-08,0.0027169951758203538,1
SPOT,2021-03-18 01:00:00+00:00,2021-03-18 05:00:00+00:00,-1,1.19614,2021-03-18 05:00:00+00:00,1.19613996,4.0,hard_tp4R,1e-08,0.0027623090528979487,1
SPOT,2021-03-18 05:00:00+00:00,2021-03-18 09:00:00+00:00,-1,1.19474,2021-03-18 09:00:00+00:00,1.19298,4.0,hard_tp4R,0.00043999999999999595,0.002948572691976658,1
SPOT,2021-03-31 05:00:00+00:00,2021-03-31 09:00:00+00:00,1,1.17463,2021-04-05 05:00:00+00:00,1.17463,0.0,stop,0.003416713763519032,0.0022778091756793547,0
SPOT,2021-04-07 09:00:00+00:00,2021-04-07 13:00:00+00:00,-1,1.18846,2021-04-07 13:00:00+00:00,1.18845996,4.0,hard_tp4R,1e-08,0.0021930794042539004,1
SPOT,2021-04-07 13:00:00+00:00,2021-04-07 17:00:00+00:00,-1,1.18823,2021-04-07 17:00:00+00:00,1.18822996,4.0,hard_tp4R,1e-08,0.0022721451610929135,1
SPOT,2021-04-08 17:00:00+00:00,2021-04-08 21:00:00+00:00,-1,1.19126,2021-04-08 21:00:00+00:00,1.19148,-1.0,ambig_stop,0.000220000000000109,0.002324315724741549,0
SPOT,2021-04-14 05:00:00+00:00,2021-04-14 09:00:00+00:00,-1,1.19667,2021-04-14 09:00:00+00:00,1.19666996,4.0,hard_tp4R,1e-08,0.0021790118074784415,1
SPOT,2021-04-15 05:00:00+00:00,2021-04-15 09:00:00+00:00,-1,1.19809,2021-04-15 09:00:00+00:00,1.1980899600000001,4.0,hard_tp4R,1e-08,0.0021264086051840897,1
SPOT,2021-04-15 09:00:00+00:00,2021-04-15 13:00:00+00:00,-1,1.19583,2021-04-15 13:00:00+00:00,1.19582996,4.0,hard_tp4R,1e-08,0.00223166513338523,1
SPOT,2021-04-20 05:00:00+00:00,2021-04-20 09:00:00+00:00,-1,1.20686,2021-04-20 09:00:00+00:00,1.20685996,4.0,hard_tp4R,1e-08,0.0024684344201274036,1
SPOT,2021-04-26 05:00:00+00:00,2021-04-26 09:00:00+00:00,-1,1.20997,2021-04-26 09:00:00+00:00,1.20996996,4.0,hard_tp4R,1e-08,0.0024795688500975663,1
SPOT,2021-04-29 01:00:00+00:00,2021-04-29 05:00:00+00:00,-1,1.21319,2021-04-29 05:00:00+00:00,1.21318996,4.0,hard_tp4R,1e-08,0.002659747964177862,1
SPOT,2021-05-03 09:00:00+00:00,2021-05-03 13:00:00+00:00,1,1.2043,2021-05-04 01:00:00+00:00,1.2043,0.0,stop,0.002689999999999859,0.0024827497044412794,0
SPOT,2021-05-04 13:00:00+00:00,2021-05-04 17:00:00+00:00,1,1.20173,2021-05-04 17:00:00+00:00,1.20131,-1.0,ambig_stop,0.0004199999999998649,0.00257126880201116,0
SPOT,2021-05-05 05:00:00+00:00,2021-05-05 09:00:00+00:00,1,1.19965,2021-05-05 09:00:00+00:00,1.19965004,4.0,hard_tp4R,1e-08,0.002390123600953788,1
SPOT,2021-05-07 17:00:00+00:00,2021-05-09 21:00:00+00:00,-1,1.21629,2021-05-09 21:00:00+00:00,1.2162899600000001,4.0,hard_tp4R,1e-08,0.0029492391765399174,1
SPOT,2021-05-10 01:00:00+00:00,2021-05-10 05:00:00+00:00,-1,1.21515,2021-05-10 05:00:00+00:00,1.21514996,4.0,hard_tp4R,1e-08,0.0027442419430369664,1
SPOT,2021-05-10 09:00:00+00:00,2021-05-10 13:00:00+00:00,-1,1.21711,2021-05-10 13:00:00+00:00,1.21769,-1.0,ambig_stop,0.0005800000000000249,0.0027500351447614767,0
SPOT,2021-05-11 13:00:00+00:00,2021-05-11 17:00:00+00:00,-1,1.21638,2021-05-12 09:00:00+00:00,1.2106200000000005,4.0,hard_tp4R,0.0014399999999998858,0.002748367129904541,1
SPOT,2021-05-13 01:00:00+00:00,2021-05-13 05:00:00+00:00,1,1.20783,2021-05-13 05:00:00+00:00,1.20656,-1.0,ambig_stop,0.0012699999999998823,0.002997218353324298,0
SPOT,2021-05-21 09:00:00+00:00,2021-05-21 13:00:00+00:00,-1,1.22058,2021-05-24 09:00:00+00:00,1.22058,0.0,stop,0.0039599999999999635,0.0027524944290104546,0
SPOT,2021-05-27 01:00:00+00:00,2021-05-27 05:00:00+00:00,1,1.21936,2021-05-28 09:00:00+00:00,1.21607,-1.0,stop,0.003290000000000015,0.002450324388898515,0
SPOT,2021-06-04 05:00:00+00:00,2021-06-04 09:00:00+00:00,1,1.21118,2021-06-04 09:00:00+00:00,1.21118004,4.0,hard_tp4R,1e-08,0.0023326667641904927,1
SPOT,2021-06-09 13:00:00+00:00,2021-06-09 17:00:00+00:00,-1,1.2176,2021-06-10 09:00:00+00:00,1.2176,0.0,stop,0.0017099999999998783,0.0020817990962385207,0
SPOT,2021-06-15 13:00:00+00:00,2021-06-15 17:00:00+00:00,1,1.2124,2021-06-16 09:00:00+00:00,1.2124,0.0,stop,0.0010200000000000209,0.002012622537179631,0
SPOT,2021-06-23 13:00:00+00:00,2021-06-23 17:00:00+00:00,-1,1.19356,2021-06-24 09:00:00+00:00,1.19356,0.0,stop,0.0017100000000001003,0.0026611475247983315,0
SPOT,2021-07-02 13:00:00+00:00,2021-07-02 17:00:00+00:00,1,1.18434,2021-07-02 17:00:00+00:00,1.18678,4.0,hard_tp4R,0.0006099999999999994,0.0023831321230707112,1
SPOT,2021-07-06 05:00:00+00:00,2021-07-06 09:00:00+00:00,-1,1.18452,2021-07-08 09:00:00+00:00,1.18452,0.0,stop,0.003382901597967536,0.0022552677319783573,0
SPOT,2021-07-11 21:00:00+00:00,2021-07-12 01:00:00+00:00,-1,1.18753,2021-07-12 01:00:00+00:00,1.18752996,4.0,hard_tp4R,1e-08,0.002137458037037563,1
SPOT,2021-07-12 01:00:00+00:00,2021-07-12 05:00:00+00:00,-1,1.18683,2021-07-12 05:00:00+00:00,1.18682996,4.0,hard_tp4R,1e-08,0.002091211034392022,1
SPOT,2021-07-21 05:00:00+00:00,2021-07-21 09:00:00+00:00,1,1.17794,2021-07-22 05:00:00+00:00,1.17794,0.0,stop,0.0023800000000000487,0.002081355767494705,0
SPOT,2021-07-27 17:00:00+00:00,2021-07-27 21:00:00+00:00,-1,1.18163,2021-07-27 21:00:00+00:00,1.18173,-1.0,ambig_stop,9.999999999998899e-05,0.002460333294118002,0
SPOT,2021-07-29 17:00:00+00:00,2021-07-29 21:00:00+00:00,-1,1.18847,2021-07-29 21:00:00+00:00,1.18846996,4.0,hard_tp4R,1e-08,0.0024286644651359984,1
SPOT,2021-07-30 09:00:00+00:00,2021-07-30 13:00:00+00:00,-1,1.18791,2021-07-30 13:00:00+00:00,1.18790996,4.0,hard_tp4R,1e-08,0.002360942466387693,1
SPOT,2021-08-05 01:00:00+00:00,2021-08-05 05:00:00+00:00,1,1.18363,2021-08-05 05:00:00+00:00,1.18363004,4.0,hard_tp4R,1e-08,0.0021664469555788776,1
SPOT,2021-08-05 05:00:00+00:00,2021-08-05 09:00:00+00:00,1,1.18372,2021-08-05 09:00:00+00:00,1.18372004,4.0,hard_tp4R,1e-08,0.002155272173037534,1
SPOT,2021-08-06 01:00:00+00:00,2021-08-06 05:00:00+00:00,1,1.18256,2021-08-06 05:00:00+00:00,1.18256004,4.0,hard_tp4R,1e-08,0.0019462790818997118,1
SPOT,2021-08-20 13:00:00+00:00,2021-08-20 17:00:00+00:00,1,1.17031,2021-08-25 01:00:00+00:00,1.17336,1.0,stop,0.003049999999999997,0.0021616316880510027,1
SPOT,2021-08-27 13:00:00+00:00,2021-08-27 17:00:00+00:00,1,1.18005,2021-08-31 13:00:00+00:00,1.18005,0.0,stop,0.0033390056703935618,0.0022260037802623745,0
SPOT,2021-08-30 05:00:00+00:00,2021-08-30 09:00:00+00:00,-1,1.17986,2021-08-30 09:00:00+00:00,1.17985996,4.0,hard_tp4R,1e-08,0.0019383968650581373,1
SPOT,2021-09-03 01:00:00+00:00,2021-09-03 05:00:00+00:00,-1,1.18762,2021-09-03 05:00:00+00:00,1.18761996,4.0,hard_tp4R,1e-08,0.0016955617648943004,1
SPOT,2021-09-08 13:00:00+00:00,2021-09-08 17:00:00+00:00,1,1.18187,2021-09-08 17:00:00+00:00,1.18187004,4.0,hard_tp4R,1e-08,0.0018410995891167355,1
SPOT,2021-09-13 09:00:00+00:00,2021-09-13 13:00:00+00:00,1,1.17825,2021-09-13 13:00:00+00:00,1.17825004,4.0,hard_tp4R,1e-08,0.001839385679180109,1
SPOT,2021-09-14 13:00:00+00:00,2021-09-14 17:00:00+00:00,-1,1.18221,2021-09-14 17:00:00+00:00,1.18220996,4.0,hard_tp4R,1e-08,0.002077330787330534,1
SPOT,2021-09-16 13:00:00+00:00,2021-09-16 17:00:00+00:00,1,1.17596,2021-09-16 17:00:00+00:00,1.1759600399999999,4.0,hard_tp4R,1e-08,0.002017840283288956,1
SPOT,2021-09-23 01:00:00+00:00,2021-09-23 05:00:00+00:00,1,1.17096,2021-09-23 05:00:00+00:00,1.17096004,4.0,hard_tp4R,1e-08,0.002069150549718861,1
SPOT,2021-10-04 17:00:00+00:00,2021-10-04 21:00:00+00:00,-1,1.16185,2021-10-04 21:00:00+00:00,1.16184996,4.0,hard_tp4R,1e-08,0.0021542060585436414,1
SPOT,2021-10-06 09:00:00+00:00,2021-10-06 13:00:00+00:00,1,1.15452,2021-10-06 13:00:00+00:00,1.15452004,4.0,hard_tp4R,1e-08,0.0020870222491132613,1
SPOT,2021-10-19 09:00:00+00:00,2021-10-19 13:00:00+00:00,-1,1.16457,2021-10-19 13:00:00+00:00,1.1645699600000001,4.0,hard_tp4R,1e-08,0.0021200483421114844,1
SPOT,2021-10-25 05:00:00+00:00,2021-10-25 09:00:00+00:00,-1,1.16498,2021-10-25 09:00:00+00:00,1.1625799999999993,4.0,hard_tp4R,0.000600000000000156,0.0020011042740614307,1
SPOT,2021-10-29 17:00:00+00:00,2021-10-31 21:00:00+00:00,1,1.15573,2021-10-31 21:00:00+00:00,1.15573004,4.0,hard_tp4R,1e-08,0.0031488870701667174,1
SPOT,2021-11-01 09:00:00+00:00,2021-11-01 13:00:00+00:00,1,1.15775,2021-11-04 13:00:00+00:00,1.1535221134314726,-1.0000000000000189,stop,0.004227886568527382,0.0028185910456849208,0
SPOT,2021-11-05 13:00:00+00:00,2021-11-05 17:00:00+00:00,1,1.15635,2021-11-10 06:00:00+00:00,1.15635,0.0,stop,0.003509999999999902,0.0025394488047988943,0
SPOT,2021-12-14 02:00:00+00:00,2021-12-14 06:00:00+00:00,1,1.12778,2021-12-14 14:00:00+00:00,1.12955,1.0,stop,0.0017700000000000493,0.002359136277730763,1
SPOT,2021-12-14 06:00:00+00:00,2021-12-14 10:00:00+00:00,1,1.13012,2021-12-14 18:00:00+00:00,1.1264247744703035,-1.0000000000000175,stop,0.0036952255296964125,0.002463483686464275,0
SPOT,2021-12-15 18:00:00+00:00,2021-12-15 22:00:00+00:00,1,1.12868,2021-12-16 18:00:00+00:00,1.1319899999999998,1.0,stop,0.003309999999999924,0.002729287053293205,1
SPOT,2021-12-29 10:00:00+00:00,2021-12-29 14:00:00+00:00,1,1.13181,2021-12-30 06:00:00+00:00,1.13181,0.0,stop,0.002850000000000019,0.002157575202207904,0
SPOT,2021-12-31 18:00:00+00:00,2022-01-02 22:00:00+00:00,-1,1.13835,2022-01-02 22:00:00+00:00,1.13834996,4.0,hard_tp4R,1e-08,0.0026570160321026945,1
SPOT,2022-01-13 14:00:00+00:00,2022-01-13 18:00:00+00:00,-1,1.14612,2022-01-13 18:00:00+00:00,1.14611996,4.0,hard_tp4R,1e-08,0.0026445336802310344,1
SPOT,2022-01-14 06:00:00+00:00,2022-01-14 10:00:00+00:00,-1,1.14582,2022-01-18 10:00:00+00:00,1.13646,4.0,hard_tp4R,0.0023400000000000087,0.0024606366212275833,1
SPOT,2022-01-24 18:00:00+00:00,2022-01-24 22:00:00+00:00,1,1.13245,2022-01-25 06:00:00+00:00,1.13008,-1.0,stop,0.0023699999999999832,0.0023563078226108915,0
SPOT,2022-02-01 10:00:00+00:00,2022-02-01 14:00:00+00:00,-1,1.12658,2022-02-01 14:00:00+00:00,1.12657996,4.0,hard_tp4R,1e-08,0.0025969517548001192,1
SPOT,2022-02-11 02:00:00+00:00,2022-02-11 06:00:00+00:00,1,1.13866,2022-02-11 06:00:00+00:00,1.1375,-1.0,stop,0.0011600000000000499,0.003637509079649762,0
SPOT,2022-02-11 06:00:00+00:00,2022-02-11 10:00:00+00:00,1,1.13863,2022-02-11 14:00:00+00:00,1.13863,0.0,stop,0.0011300000000000754,0.003577687002531916,0
SPOT,2022-02-14 18:00:00+00:00,2022-02-14 22:00:00+00:00,1,1.13057,2022-02-14 22:00:00+00:00,1.13057004,4.0,hard_tp4R,1e-08,0.003617394073017545,1
SPOT,2022-02-14 22:00:00+00:00,2022-02-15 02:00:00+00:00,1,1.13106,2022-02-15 02:00:00+00:00,1.13106004,4.0,hard_tp4R,1e-08,0.003489008782087716,1
SPOT,2022-02-22 06:00:00+00:00,2022-02-22 10:00:00+00:00,1,1.13195,2022-02-22 10:00:00+00:00,1.13451,4.0,hard_tp4R,0.0006399999999999739,0.0029501932604374956,1
SPOT,2022-03-02 14:00:00+00:00,2022-03-02 18:00:00+00:00,1,1.11025,2022-03-02 22:00:00+00:00,1.11025,0.0,stop,0.0012799999999999478,0.004622143804394324,0
SPOT,2022-03-03 18:00:00+00:00,2022-03-03 22:00:00+00:00,1,1.10659,2022-03-03 22:00:00+00:00,1.10573,-1.0,stop,0.0008599999999998609,0.004081262791781237,0
SPOT,2022-03-14 05:00:00+00:00,2022-03-14 09:00:00+00:00,1,1.09565,2022-03-14 09:00:00+00:00,1.09565004,4.0,hard_tp4R,1e-08,0.0050553060249859645,1
SPOT,2022-03-17 17:00:00+00:00,2022-03-17 21:00:00+00:00,-1,1.10902,2022-03-17 21:00:00+00:00,1.10901996,4.0,hard_tp4R,1e-08,0.004921846122756192,1
SPOT,2022-03-28 13:00:00+00:00,2022-03-28 17:00:00+00:00,1,1.09939,2022-03-29 09:00:00+00:00,1.1107900000000002,4.0,hard_tp4R,0.002850000000000019,0.0033151983352675794,1
SPOT,2022-03-30 13:00:00+00:00,2022-03-30 17:00:00+00:00,-1,1.11572,2022-03-30 17:00:00+00:00,1.11571996,4.0,hard_tp4R,1e-08,0.00408258216168905,1
SPOT,2022-04-04 21:00:00+00:00,2022-04-05 01:00:00+00:00,1,1.0976,2022-04-05 01:00:00+00:00,1.0976000399999999,4.0,hard_tp4R,1e-08,0.002963848659385444,1
SPOT,2022-04-06 05:00:00+00:00,2022-04-06 09:00:00+00:00,1,1.09231,2022-04-06 09:00:00+00:00,1.0923100399999999,4.0,hard_tp4R,1e-08,0.0029772302615214716,1
SPOT,2022-04-08 09:00:00+00:00,2022-04-08 13:00:00+00:00,1,1.08529,2022-04-08 13:00:00+00:00,1.08529004,4.0,hard_tp4R,1e-08,0.003369630853921881,1
SPOT,2022-04-08 13:00:00+00:00,2022-04-08 17:00:00+00:00,1,1.08722,2022-04-10 21:00:00+00:00,1.0902600000000005,4.0,hard_tp4R,0.0007600000000000939,0.003453942935784592,1
SPOT,2022-04-13 13:00:00+00:00,2022-04-13 17:00:00+00:00,1,1.0882,2022-04-14 13:00:00+00:00,1.082746259216039,-1.000000000000003,stop,0.005453740783960975,0.0036358271893073167,0
SPOT,2022-04-14 05:00:00+00:00,2022-04-14 09:00:00+00:00,-1,1.0908,2022-04-14 09:00:00+00:00,1.09079996,4.0,hard_tp4R,1e-08,0.003275075238281088,1
SPOT,2022-04-28 13:00:00+00:00,2022-04-28 17:00:00+00:00,1,1.05125,2022-04-28 17:00:00+00:00,1.05125004,4.0,hard_tp4R,1e-08,0.004400153162753449,1
SPOT,2022-05-04 21:00:00+00:00,2022-05-05 01:00:00+00:00,-1,1.06137,2022-05-05 01:00:00+00:00,1.06136996,4.0,hard_tp4R,1e-08,0.004225421500625955,1
SPOT,2022-05-05 01:00:00+00:00,2022-05-05 05:00:00+00:00,-1,1.06125,2022-05-05 05:00:00+00:00,1.06124996,4.0,hard_tp4R,1e-08,0.004152891393438398,1
SPOT,2022-05-06 05:00:00+00:00,2022-05-06 09:00:00+00:00,1,1.05572,2022-05-12 05:00:00+00:00,1.04925,-1.0,stop,0.006469999999999976,0.0046295029967917956,0
SPOT,2022-05-09 05:00:00+00:00,2022-05-09 09:00:00+00:00,1,1.05073,2022-05-10 09:00:00+00:00,1.0556499999999998,2.0,stop,0.0024599999999999067,0.004243038243052628,1
SPOT,2022-05-09 09:00:00+00:00,2022-05-09 13:00:00+00:00,1,1.05622,2022-05-12 05:00:00+00:00,1.0495729110186052,-1.0000000000000053,stop,0.006647088981394732,0.004431392654263154,0
SPOT,2022-05-18 01:00:00+00:00,2022-05-18 05:00:00+00:00,-1,1.05291,2022-05-18 09:00:00+00:00,1.05291,0.0,stop,0.002650000000000041,0.003621765262381162,0
SPOT,2022-05-19 17:00:00+00:00,2022-05-19 21:00:00+00:00,-1,1.05817,2022-05-19 21:00:00+00:00,1.05816996,4.0,hard_tp4R,1e-08,0.003934371360782757,1
SPOT,2022-05-31 01:00:00+00:00,2022-05-31 05:00:00+00:00,-1,1.07447,2022-05-31 17:00:00+00:00,1.0724200000000002,1.0,stop,0.0020499999999998852,0.003098077788794988,1
SPOT,2022-06-07 13:00:00+00:00,2022-06-07 17:00:00+00:00,1,1.07012,2022-06-07 17:00:00+00:00,1.07012004,4.0,hard_tp4R,1e-08,0.0032424296032958757,1
SPOT,2022-06-09 21:00:00+00:00,2022-06-10 01:00:00+00:00,1,1.06239,2022-06-10 01:00:00+00:00,1.06239004,4.0,hard_tp4R,1e-08,0.0036294836080987773,1
SPOT,2022-06-27 17:00:00+00:00,2022-06-27 21:00:00+00:00,-1,1.0582,2022-06-28 05:00:00+00:00,1.06059,-1.0,stop,0.002389999999999892,0.0035679943909592946,0
SPOT,2022-07-01 13:00:00+00:00,2022-07-01 17:00:00+00:00,1,1.04013,2022-07-04 13:00:00+00:00,1.0439500000000002,2.0,stop,0.0019100000000000783,0.003927899255297486,1
SPOT,2022-07-12 09:00:00+00:00,2022-07-12 13:00:00+00:00,1,1.00531,2022-07-12 13:00:00+00:00,1.00531004,4.0,hard_tp4R,1e-08,0.004205855117464738,1
SPOT,2022-07-18 17:00:00+00:00,2022-07-18 21:00:00+00:00,-1,1.0142,2022-07-18 21:00:00+00:00,1.01419996,4.0,hard_tp4R,1e-08,0.004531652266587914,1
SPOT,2022-07-19 13:00:00+00:00,2022-07-19 17:00:00+00:00,-1,1.02404,2022-07-19 17:00:00+00:00,1.02403996,4.0,hard_tp4R,1e-08,0.004735829351271483,1
SPOT,2022-07-20 05:00:00+00:00,2022-07-20 09:00:00+00:00,-1,1.02313,2022-07-20 13:00:00+00:00,1.02313,0.0,stop,0.00378999999999996,0.004306561903937548,0
SPOT,2022-07-22 13:00:00+00:00,2022-07-22 17:00:00+00:00,-1,1.0232,2022-07-25 09:00:00+00:00,1.0232,0.0,stop,0.0045999999999999375,0.005526897909725648,0
SPOT,2022-07-28 05:00:00+00:00,2022-07-28 09:00:00+00:00,-1,1.02173,2022-07-28 17:00:00+00:00,1.01845,1.0,stop,0.0032799999999999496,0.004598205792602862,1
SPOT,2022-08-02 01:00:00+00:00,2022-08-02 05:00:00+00:00,-1,1.02711,2022-08-02 05:00:00+00:00,1.02710996,4.0,hard_tp4R,1e-08,0.004305649423908133,1
SPOT,2022-08-03 13:00:00+00:00,2022-08-03 17:00:00+00:00,1,1.015,2022-08-03 17:00:00+00:00,1.0150000399999999,4.0,hard_tp4R,1e-08,0.004264583425996821,1
SPOT,2022-08-05 13:00:00+00:00,2022-08-05 17:00:00+00:00,1,1.01826,2022-08-10 17:00:00+00:00,1.0298554959081336,1.9999999999999836,stop,0.005797747954066893,0.003865165302711262,1
SPOT,2022-08-18 05:00:00+00:00,2022-08-18 09:00:00+00:00,1,1.01669,2022-08-18 13:00:00+00:00,1.01453,-1.0,stop,0.002160000000000162,0.0031252367087284336,0
SPOT,2022-08-25 05:00:00+00:00,2022-08-25 09:00:00+00:00,-1,1.00074,2022-08-25 09:00:00+00:00,1.00073996,4.0,hard_tp4R,1e-08,0.003637123754189685,1
SPOT,2022-08-26 13:00:00+00:00,2022-08-26 17:00:00+00:00,-1,0.99798,2022-08-29 09:00:00+00:00,0.99798,0.0,stop,0.005350000000000077,0.004108248184306488,0
SPOT,2022-08-29 05:00:00+00:00,2022-08-29 09:00:00+00:00,1,0.99382,2022-08-29 09:00:00+00:00,0.99382004,4.0,hard_tp4R,1e-08,0.0038494569031647663,1
SPOT,2022-09-07 13:00:00+00:00,2022-09-07 17:00:00+00:00,1,0.99733,2022-09-09 09:00:00+00:00,1.003585896105964,1.0000000000000004,stop,0.006255896105963995,0.004170597403975997,1
SPOT,2022-09-22 05:00:00+00:00,2022-09-22 09:00:00+00:00,1,0.98792,2022-09-22 09:00:00+00:00,0.98792004,4.0,hard_tp4R,1e-08,0.004553986062017746,1
SPOT,2022-10-07 17:00:00+00:00,2022-10-09 21:00:00+00:00,1,0.97337,2022-10-09 21:00:00+00:00,0.9733700399999999,4.0,hard_tp4R,1e-08,0.004977462570756105,1
SPOT,2022-10-11 05:00:00+00:00,2022-10-11 09:00:00+00:00,1,0.97075,2022-10-11 13:00:00+00:00,0.97075,0.0,ambig_stop,0.002569999999999961,0.004546328733940789,0
SPOT,2022-10-12 01:00:00+00:00,2022-10-12 05:00:00+00:00,1,0.9715,2022-10-12 13:00:00+00:00,0.96698,-1.0,stop,0.0045200000000000795,0.004871991068846084,0
SPOT,2022-10-18 05:00:00+00:00,2022-10-18 09:00:00+00:00,-1,0.98291,2022-10-18 09:00:00+00:00,0.98290996,4.0,hard_tp4R,1e-08,0.004611222878426652,1
SPOT,2022-10-21 17:00:00+00:00,2022-10-23 21:00:00+00:00,-1,0.98714,2022-10-23 21:00:00+00:00,0.98713996,4.0,hard_tp4R,1e-08,0.004632187121803807,1
SPOT,2022-10-27 01:00:00+00:00,2022-10-27 05:00:00+00:00,-1,1.00704,2022-10-27 05:00:00+00:00,1.00703996,4.0,hard_tp4R,1e-08,0.004206977427787407,1
SPOT,2022-10-27 05:00:00+00:00,2022-10-27 09:00:00+00:00,-1,1.006,2022-10-27 09:00:00+00:00,1.00599996,4.0,hard_tp4R,1e-08,0.004117193325802593,1
SPOT,2022-11-01 13:00:00+00:00,2022-11-01 17:00:00+00:00,1,0.98611,2022-11-01 17:00:00+00:00,0.98611004,4.0,hard_tp4R,1e-08,0.004240216073918652,1
SPOT,2022-11-02 17:00:00+00:00,2022-11-02 21:00:00+00:00,-1,0.98148,2022-11-04 09:00:00+00:00,0.98148,0.0,stop,0.007147836916861569,0.004765224611241046,0
SPOT,2022-11-07 22:00:00+00:00,2022-11-08 02:00:00+00:00,-1,1.0014,2022-11-08 02:00:00+00:00,1.00139996,4.0,hard_tp4R,1e-08,0.004623800009848822,1
SPOT,2022-11-15 14:00:00+00:00,2022-11-15 18:00:00+00:00,-1,1.03849,2022-11-15 18:00:00+00:00,1.03848996,4.0,hard_tp4R,1e-08,0.00584028094950885,1
SPOT,2022-11-21 18:00:00+00:00,2022-11-21 22:00:00+00:00,1,1.02396,2022-11-21 22:00:00+00:00,1.02396004,4.0,hard_tp4R,1e-08,0.004158319302173199,1
SPOT,2022-11-28 14:00:00+00:00,2022-11-28 18:00:00+00:00,-1,1.03697,2022-11-30 18:00:00+00:00,1.03697,0.0,stop,0.005959999999999965,0.004682471519874186,0
SPOT,2022-12-07 06:00:00+00:00,2022-12-07 10:00:00+00:00,1,1.0476,2022-12-07 10:00:00+00:00,1.0477600000000002,4.0,hard_tp4R,4.0000000000040004e-05,0.004325781576758015,1
SPOT,2022-12-09 14:00:00+00:00,2022-12-09 18:00:00+00:00,-1,1.05456,2022-12-09 18:00:00+00:00,1.0528799999999996,4.0,hard_tp4R,0.00042000000000008697,0.004071507891312294,1
SPOT,2022-12-14 18:00:00+00:00,2022-12-14 22:00:00+00:00,-1,1.06815,2022-12-14 22:00:00+00:00,1.06814996,4.0,hard_tp4R,1e-08,0.0042135454566722425,1
SPOT,2022-12-15 14:00:00+00:00,2022-12-15 18:00:00+00:00,-1,1.05992,2022-12-28 14:00:00+00:00,1.067303088008096,-0.9999999999999855,stop,0.007383088008096169,0.004922058672064113,0
SPOT,2022-12-29 18:00:00+00:00,2022-12-29 22:00:00+00:00,-1,1.0661,2022-12-30 06:00:00+00:00,1.0661,0.0,stop,0.0013300000000000534,0.0031961279803519324,0
SPOT,2023-01-06 14:00:00+00:00,2023-01-06 18:00:00+00:00,1,1.06376,2023-01-17 14:00:00+00:00,1.0774885954248512,2.0000000000000107,stop,0.006864297712425546,0.004576198474950364,1
SPOT,2023-01-09 06:00:00+00:00,2023-01-09 10:00:00+00:00,-1,1.06721,2023-01-09 10:00:00+00:00,1.06720996,4.0,hard_tp4R,1e-08,0.004124766624402776,1
SPOT,2023-01-09 18:00:00+00:00,2023-01-09 22:00:00+00:00,-1,1.07278,2023-01-09 22:00:00+00:00,1.07277996,4.0,hard_tp4R,1e-08,0.004250339749931807,1
SPOT,2023-01-12 18:00:00+00:00,2023-01-12 22:00:00+00:00,-1,1.08522,2023-01-12 22:00:00+00:00,1.08521996,4.0,hard_tp4R,1e-08,0.00414012083486123,1
SPOT,2023-01-13 06:00:00+00:00,2023-01-13 10:00:00+00:00,-1,1.08425,2023-01-13 10:00:00+00:00,1.08424996,4.0,hard_tp4R,1e-08,0.0038534968929264364,1
SPOT,2023-01-18 14:00:00+00:00,2023-01-18 18:00:00+00:00,-1,1.07958,2023-01-22 22:00:00+00:00,1.0864757238740543,-0.9999999999999998,stop,0.006895723874054351,0.0045971492493695676,0
SPOT,2023-01-26 06:00:00+00:00,2023-01-26 10:00:00+00:00,-1,1.08955,2023-01-26 10:00:00+00:00,1.08859,4.0,hard_tp4R,0.00024000000000001798,0.003042521736807867,1
SPOT,2023-02-07 14:00:00+00:00,2023-02-07 18:00:00+00:00,1,1.076,2023-02-07 18:00:00+00:00,1.07093,-1.0,stop,0.00507000000000013,0.004077383750263458,0
SPOT,2023-02-09 14:00:00+00:00,2023-02-09 18:00:00+00:00,-1,1.07486,2023-02-10 06:00:00+00:00,1.0736499999999998,1.0,ambig_stop,0.0012100000000001554,0.0035853406870745685,1
SPOT,2023-02-13 10:00:00+00:00,2023-02-13 14:00:00+00:00,1,1.06806,2023-02-14 10:00:00+00:00,1.0781400000000003,4.0,hard_tp4R,0.0025200000000000777,0.002950003461660622,1
SPOT,2023-02-27 06:00:00+00:00,2023-02-27 10:00:00+00:00,1,1.05511,2023-02-27 14:00:00+00:00,1.0611499999999996,4.0,hard_tp4R,0.0015099999999999003,0.0026240939232919512,1
SPOT,2023-03-01 14:00:00+00:00,2023-03-01 18:00:00+00:00,-1,1.06652,2023-03-01 18:00:00+00:00,1.06651996,4.0,hard_tp4R,1e-08,0.003257902372316277,1
SPOT,2023-03-07 06:00:00+00:00,2023-03-07 10:00:00+00:00,-1,1.06568,2023-03-09 14:00:00+00:00,1.0581799999999997,2.0,stop,0.003750000000000142,0.0027542989068371835,1
SPOT,2023-03-08 06:00:00+00:00,2023-03-08 10:00:00+00:00,1,1.05355,2023-03-08 10:00:00+00:00,1.05355004,4.0,hard_tp4R,1e-08,0.002894780618913527,1
SPOT,2023-03-10 14:00:00+00:00,2023-03-10 18:00:00+00:00,-1,1.06685,2023-03-10 18:00:00+00:00,1.06684996,4.0,hard_tp4R,1e-08,0.0032638397383274644,1
SPOT,2023-03-15 01:00:00+00:00,2023-03-15 05:00:00+00:00,-1,1.07448,2023-03-15 05:00:00+00:00,1.0730000000000002,4.0,hard_tp4R,0.00036999999999998145,0.00360008915137128,1
SPOT,2023-03-22 09:00:00+00:00,2023-03-22 13:00:00+00:00,-1,1.07819,2023-03-22 13:00:00+00:00,1.07886,-1.0,stop,0.0006699999999999484,0.0030706980132905303,0
SPOT,2023-03-23 05:00:00+00:00,2023-03-23 09:00:00+00:00,-1,1.08997,2023-03-23 13:00:00+00:00,1.08997,0.0,ambig_stop,0.0012599999999998168,0.0035850117091254068,0
SPOT,2023-03-29 09:00:00+00:00,2023-03-29 13:00:00+00:00,-1,1.08536,2023-03-30 09:00:00+00:00,1.0895181200124684,-0.9999999999999784,stop,0.004158120012468382,0.002772080008312254,0
SPOT,2023-03-31 01:00:00+00:00,2023-03-31 05:00:00+00:00,-1,1.09032,2023-04-02 21:00:00+00:00,1.08112,4.0,hard_tp4R,0.0022999999999999687,0.00277151411554803,1
SPOT,2023-04-04 05:00:00+00:00,2023-04-04 09:00:00+00:00,-1,1.09171,2023-04-04 09:00:00+00:00,1.09170996,4.0,hard_tp4R,1e-08,0.0033193609204499033,1
SPOT,2023-04-05 13:00:00+00:00,2023-04-05 17:00:00+00:00,-1,1.08968,2023-04-11 05:00:00+00:00,1.08968,0.0,stop,0.005314239026289885,0.00354282601752659,0
SPOT,2023-04-10 17:00:00+00:00,2023-04-10 21:00:00+00:00,1,1.08535,2023-04-10 21:00:00+00:00,1.08535004,4.0,hard_tp4R,1e-08,0.002734090443621236,1
SPOT,2023-04-19 09:00:00+00:00,2023-04-19 13:00:00+00:00,1,1.09496,2023-04-21 13:00:00+00:00,1.09496,0.0,stop,0.004049999999999887,0.002792205590339651,0
SPOT,2023-04-25 01:00:00+00:00,2023-04-25 05:00:00+00:00,-1,1.10511,2023-04-25 05:00:00+00:00,1.10510996,4.0,hard_tp4R,1e-08,0.0025351581399575026,1
SPOT,2023-04-26 13:00:00+00:00,2023-04-26 17:00:00+00:00,-1,1.1041,2023-04-28 13:00:00+00:00,1.0989000000000002,2.0,stop,0.0025999999999999357,0.0030795632968939534,1
SPOT,2023-05-02 09:00:00+00:00,2023-05-02 13:00:00+00:00,1,1.09551,2023-05-02 13:00:00+00:00,1.09551004,4.0,hard_tp4R,1e-08,0.003079767918445391,1
SPOT,2023-05-02 13:00:00+00:00,2023-05-02 17:00:00+00:00,1,1.09997,2023-05-04 09:00:00+00:00,1.1035099999999998,1.0,stop,0.0035399999999998766,0.003297641638556432,1
SPOT,2023-05-04 01:00:00+00:00,2023-05-04 05:00:00+00:00,-1,1.10814,2023-05-04 05:00:00+00:00,1.10813996,4.0,hard_tp4R,1e-08,0.0030620659958929364,1
SPOT,2023-05-09 13:00:00+00:00,2023-05-09 17:00:00+00:00,1,1.09552,2023-05-09 17:00:00+00:00,1.09552004,4.0,hard_tp4R,1e-08,0.0029984934019578846,1
SPOT,2023-05-15 01:00:00+00:00,2023-05-15 05:00:00+00:00,1,1.08629,2023-05-15 05:00:00+00:00,1.08629004,4.0,hard_tp4R,1e-08,0.00268442197429269,1
SPOT,2023-05-17 13:00:00+00:00,2023-05-17 17:00:00+00:00,1,1.08417,2023-05-17 17:00:00+00:00,1.08417004,4.0,hard_tp4R,1e-08,0.002520681895335931,1
SPOT,2023-05-23 09:00:00+00:00,2023-05-23 13:00:00+00:00,1,1.07639,2023-05-23 13:00:00+00:00,1.07639004,4.0,hard_tp4R,1e-08,0.0024274569032932585,1
SPOT,2023-05-25 17:00:00+00:00,2023-05-25 21:00:00+00:00,1,1.07251,2023-05-25 21:00:00+00:00,1.07251004,4.0,hard_tp4R,1e-08,0.0024595299154425744,1
SPOT,2023-05-26 13:00:00+00:00,2023-05-26 17:00:00+00:00,1,1.07196,2023-05-28 21:00:00+00:00,1.07196,0.0,stop,0.0012499999999999734,0.0025353923233147582,0
SPOT,2023-05-30 05:00:00+00:00,2023-05-30 09:00:00+00:00,1,1.07046,2023-05-30 09:00:00+00:00,1.0717,4.0,hard_tp4R,0.00031000000000003247,0.0022126612942001155,1
SPOT,2023-05-31 05:00:00+00:00,2023-05-31 09:00:00+00:00,1,1.06594,2023-05-31 09:00:00+00:00,1.06594004,4.0,hard_tp4R,1e-08,0.002542763568538175,1
SPOT,2023-05-31 17:00:00+00:00,2023-05-31 21:00:00+00:00,1,1.06887,2023-06-01 05:00:00+00:00,1.06724,-1.0,stop,0.0016300000000000203,0.003079038469416317,0
SPOT,2023-06-02 05:00:00+00:00,2023-06-02 09:00:00+00:00,-1,1.07741,2023-06-02 09:00:00+00:00,1.07740996,4.0,hard_tp4R,1e-08,0.002640478582692451,1
SPOT,2023-06-02 09:00:00+00:00,2023-06-02 13:00:00+00:00,-1,1.07474,2023-06-02 13:00:00+00:00,1.07473996,4.0,hard_tp4R,1e-08,0.0027575872553572806,1
SPOT,2023-06-13 05:00:00+00:00,2023-06-13 09:00:00+00:00,-1,1.08074,2023-06-13 09:00:00+00:00,1.08073996,4.0,hard_tp4R,1e-08,0.002322479842847852,1
SPOT,2023-06-13 13:00:00+00:00,2023-06-13 17:00:00+00:00,-1,1.08023,2023-06-13 17:00:00+00:00,1.08022996,4.0,hard_tp4R,1e-08,0.0025674443542922846,1
SPOT,2023-06-14 17:00:00+00:00,2023-06-14 21:00:00+00:00,-1,1.08239,2023-06-14 21:00:00+00:00,1.08239001,-0.999999993922529,stop,1e-08,0.0028231940389901607,0
SPOT,2023-06-16 01:00:00+00:00,2023-06-16 05:00:00+00:00,-1,1.09387,2023-06-16 05:00:00+00:00,1.09386996,4.0,hard_tp4R,1e-08,0.0030562308780045155,1
SPOT,2023-06-22 09:00:00+00:00,2023-06-22 13:00:00+00:00,-1,1.09824,2023-06-22 13:00:00+00:00,1.0982399600000001,4.0,hard_tp4R,1e-08,0.002348588205825693,1
SPOT,2023-06-28 13:00:00+00:00,2023-06-28 17:00:00+00:00,1,1.09108,2023-06-29 01:00:00+00:00,1.08871,-1.0,stop,0.0023699999999999832,0.0026015032084168456,0
SPOT,2023-06-29 01:00:00+00:00,2023-06-29 05:00:00+00:00,1,1.08852,2023-06-29 05:00:00+00:00,1.08852004,4.0,hard_tp4R,1e-08,0.002527344223357058,1
SPOT,2023-06-29 05:00:00+00:00,2023-06-29 09:00:00+00:00,1,1.09143,2023-06-29 09:00:00+00:00,1.08966,-1.0,ambig_stop,0.0017699999999998273,0.002617533921688694,0
SPOT,2023-06-30 09:00:00+00:00,2023-06-30 13:00:00+00:00,1,1.0897,2023-07-04 05:00:00+00:00,1.0897,0.0,stop,0.0036799999999999056,0.0029928844599754418,0
SPOT,2023-07-06 05:00:00+00:00,2023-07-06 09:00:00+00:00,1,1.0864,2023-07-06 09:00:00+00:00,1.08640004,4.0,hard_tp4R,1e-08,0.0023968695946062915,1
SPOT,2023-07-06 13:00:00+00:00,2023-07-06 17:00:00+00:00,1,1.08724,2023-07-12 01:00:00+00:00,1.1027999999999998,4.0,hard_tp4R,0.003889999999999949,0.0027351579667778897,1
SPOT,2023-07-11 05:00:00+00:00,2023-07-11 09:00:00+00:00,-1,1.10026,2023-07-11 09:00:00+00:00,1.10025996,4.0,hard_tp4R,1e-08,0.00260192462078718,1
SPOT,2023-07-12 05:00:00+00:00,2023-07-12 09:00:00+00:00,-1,1.10222,2023-07-12 09:00:00+00:00,1.10271,-1.0,ambig_stop,0.0004900000000001015,0.002409115315596747,0
SPOT,2023-07-21 13:00:00+00:00,2023-07-21 17:00:00+00:00,1,1.11234,2023-07-23 21:00:00+00:00,1.11234,0.0,stop,0.000500000000000167,0.0026175460671439637,0
SPOT,2023-07-24 21:00:00+00:00,2023-07-25 01:00:00+00:00,1,1.10673,2023-07-25 01:00:00+00:00,1.10741,4.0,hard_tp4R,0.00017000000000000348,0.0027338010872619413,1
SPOT,2023-07-25 13:00:00+00:00,2023-07-25 17:00:00+00:00,1,1.10422,2023-07-25 17:00:00+00:00,1.10422004,4.0,hard_tp4R,1e-08,0.002759899334998147,1
SPOT,2023-07-26 17:00:00+00:00,2023-07-26 21:00:00+00:00,-1,1.10857,2023-07-26 21:00:00+00:00,1.1081299999999998,4.0,hard_tp4R,0.0001100000000000545,0.0027571318899561456,1
SPOT,2023-07-27 09:00:00+00:00,2023-07-27 13:00:00+00:00,-1,1.1059,2023-07-28 05:00:00+00:00,1.09478,4.0,hard_tp4R,0.0027800000000000047,0.0033861004245376363,1
SPOT,2023-08-03 05:00:00+00:00,2023-08-03 09:00:00+00:00,1,1.09246,2023-08-03 09:00:00+00:00,1.09518,4.0,hard_tp4R,0.0006800000000000139,0.0029573179060912898,1
SPOT,2023-08-10 13:00:00+00:00,2023-08-10 17:00:00+00:00,-1,1.10133,2023-08-10 17:00:00+00:00,1.10132996,4.0,hard_tp4R,1e-08,0.0028767859680501207,1
SPOT,2023-08-14 05:00:00+00:00,2023-08-14 09:00:00+00:00,1,1.09462,2023-08-14 09:00:00+00:00,1.09462004,4.0,hard_tp4R,1e-08,0.0025884312563966556,1
SPOT,2023-08-22 05:00:00+00:00,2023-08-22 09:00:00+00:00,-1,1.091,2023-08-22 09:00:00+00:00,1.08952,4.0,hard_tp4R,0.00036999999999998145,0.002321432956096787,1
SPOT,2023-08-23 13:00:00+00:00,2023-08-23 17:00:00+00:00,1,1.08628,2023-08-24 09:00:00+00:00,1.08328,-1.0,stop,0.0029999999999998916,0.002829938136714282,0
SPOT,2023-08-25 13:00:00+00:00,2023-08-25 17:00:00+00:00,1,1.07963,2023-08-25 17:00:00+00:00,1.07963004,4.0,hard_tp4R,1e-08,0.003001498668043462,1
SPOT,2023-09-11 17:00:00+00:00,2023-09-11 21:00:00+00:00,-1,1.07502,2023-09-11 21:00:00+00:00,1.07501996,4.0,hard_tp4R,1e-08,0.0022728877149221956,1
SPOT,2023-09-20 13:00:00+00:00,2023-09-20 17:00:00+00:00,-1,1.07351,2023-09-20 17:00:00+00:00,1.07350996,4.0,hard_tp4R,1e-08,0.0022860973007927613,1
SPOT,2023-09-26 05:00:00+00:00,2023-09-26 09:00:00+00:00,1,1.05959,2023-09-26 13:00:00+00:00,1.05751,-1.0,stop,0.002080000000000082,0.002538374154858421,0
SPOT,2023-09-29 09:00:00+00:00,2023-09-29 13:00:00+00:00,-1,1.05998,2023-09-29 13:00:00+00:00,1.05997996,4.0,hard_tp4R,1e-08,0.0027792681575481495,1
SPOT,2023-10-10 01:00:00+00:00,2023-10-10 05:00:00+00:00,-1,1.05614,2023-10-10 05:00:00+00:00,1.06,-1.0,stop,0.0038599999999999746,0.003136957857406044,0
SPOT,2023-10-18 05:00:00+00:00,2023-10-18 09:00:00+00:00,-1,1.05829,2023-10-18 13:00:00+00:00,1.0535299999999999,4.0,hard_tp4R,0.0011900000000000244,0.002502731853345972,1
SPOT,2023-10-19 09:00:00+00:00,2023-10-19 13:00:00+00:00,1,1.05762,2023-10-19 21:00:00+00:00,1.05762,0.0,stop,0.0038199749908150085,0.002546649993876672,0
SPOT,2023-10-19 17:00:00+00:00,2023-10-19 21:00:00+00:00,-1,1.05823,2023-10-20 05:00:00+00:00,1.05823,0.0,stop,0.0011900000000000244,0.0027973155559446843,0
SPOT,2023-10-24 05:00:00+00:00,2023-10-24 09:00:00+00:00,-1,1.06503,2023-10-24 09:00:00+00:00,1.06502996,4.0,hard_tp4R,1e-08,0.002814880175830164,1
SPOT,2023-10-26 13:00:00+00:00,2023-10-26 17:00:00+00:00,1,1.05284,2023-10-26 17:00:00+00:00,1.05284004,4.0,hard_tp4R,1e-08,0.0025429042667027522,1
SPOT,2023-11-01 17:00:00+00:00,2023-11-01 21:00:00+00:00,1,1.05698,2023-11-02 09:00:00+00:00,1.0619400000000006,4.0,hard_tp4R,0.0012400000000001299,0.003092151233754209,1
SPOT,2023-11-10 06:00:00+00:00,2023-11-10 10:00:00+00:00,1,1.06772,2023-11-13 10:00:00+00:00,1.06772,0.0,stop,0.0017100000000001003,0.0023355694175333412,0
SPOT,2023-11-10 14:00:00+00:00,2023-11-10 18:00:00+00:00,1,1.06792,2023-11-13 10:00:00+00:00,1.06792,0.0,stop,0.0019100000000000783,0.002364700161036399,0
SPOT,2023-11-15 14:00:00+00:00,2023-11-15 18:00:00+00:00,-1,1.0854,2023-11-16 14:00:00+00:00,1.08874,-1.0,stop,0.0033400000000001207,0.0030147514921256163,0
SPOT,2023-11-28 02:00:00+00:00,2023-11-28 06:00:00+00:00,-1,1.0951,2023-11-28 10:00:00+00:00,1.0951,0.0,stop,0.0008099999999999774,0.002016500899015387,0
SPOT,2023-11-29 02:00:00+00:00,2023-11-29 06:00:00+00:00,-1,1.1002,2023-11-29 06:00:00+00:00,1.10019996,4.0,hard_tp4R,1e-08,0.002200718977620352,1
SPOT,2023-11-30 18:00:00+00:00,2023-11-30 22:00:00+00:00,1,1.08851,2023-11-30 22:00:00+00:00,1.08851004,4.0,hard_tp4R,1e-08,0.002649088951184004,1
SPOT,2023-12-01 14:00:00+00:00,2023-12-01 18:00:00+00:00,1,1.08815,2023-12-01 18:00:00+00:00,1.0890699999999998,4.0,hard_tp4R,0.00022999999999995246,0.0028836565567025092,1
SPOT,2023-12-05 18:00:00+00:00,2023-12-05 22:00:00+00:00,1,1.0796,2023-12-05 22:00:00+00:00,1.0796000399999999,4.0,hard_tp4R,1e-08,0.0029580587412818046,1
SPOT,2023-12-06 10:00:00+00:00,2023-12-06 14:00:00+00:00,1,1.0798,2023-12-06 18:00:00+00:00,1.07781,-1.0,stop,0.0019900000000001583,0.002718232395609924,0
SPOT,2023-12-08 14:00:00+00:00,2023-12-08 18:00:00+00:00,1,1.07559,2023-12-08 18:00:00+00:00,1.0759500000000006,4.0,hard_tp4R,9.000000000014552e-05,0.0030064415204610765,1
SPOT,2023-12-14 18:00:00+00:00,2023-12-14 22:00:00+00:00,-1,1.0992,2023-12-14 22:00:00+00:00,1.09919996,4.0,hard_tp4R,1e-08,0.003395930844186981,1
SPOT,2023-12-28 10:00:00+00:00,2023-12-28 14:00:00+00:00,-1,1.10731,2023-12-28 14:00:00+00:00,1.1112292926048692,-0.9999999999999823,stop,0.003919292604869298,0.002612861736579532,0
SPOT,2024-01-03 18:00:00+00:00,2024-01-03 22:00:00+00:00,1,1.09214,2024-01-03 22:00:00+00:00,1.09214004,4.0,hard_tp4R,1e-08,0.0027945805637268535,1
SPOT,2024-01-05 10:00:00+00:00,2024-01-05 14:00:00+00:00,1,1.09211,2024-01-08 18:00:00+00:00,1.09496,1.0,stop,0.002850000000000019,0.002815984509223498,1
SPOT,2024-01-16 18:00:00+00:00,2024-01-16 22:00:00+00:00,1,1.08751,2024-01-16 22:00:00+00:00,1.08751004,4.0,hard_tp4R,1e-08,0.0024258163207085694,1
SPOT,2024-01-17 14:00:00+00:00,2024-01-17 18:00:00+00:00,1,1.0867,2024-01-17 18:00:00+00:00,1.08617,-1.0,ambig_stop,0.0005299999999999194,0.0024542743521390816,0
SPOT,2024-01-23 06:00:00+00:00,2024-01-23 10:00:00+00:00,-1,1.08875,2024-01-24 02:00:00+00:00,1.0865600000000002,1.0,stop,0.0021899999999999142,0.002138208470170462,1
SPOT,2024-01-23 18:00:00+00:00,2024-01-23 22:00:00+00:00,1,1.08533,2024-01-23 22:00:00+00:00,1.0853300399999999,4.0,hard_tp4R,1e-08,0.0024160072918966904,1
SPOT,2024-01-24 14:00:00+00:00,2024-01-24 18:00:00+00:00,-1,1.09053,2024-01-25 06:00:00+00:00,1.08944,1.0,stop,0.0010900000000000354,0.002677699108686468,1
SPOT,2024-01-29 18:00:00+00:00,2024-01-29 22:00:00+00:00,1,1.08311,2024-01-30 06:00:00+00:00,1.08128,-1.0,stop,0.0018299999999999983,0.002485904248847544,0
SPOT,2024-01-31 14:00:00+00:00,2024-01-31 18:00:00+00:00,-1,1.08497,2024-01-31 18:00:00+00:00,1.0818900000000002,4.0,hard_tp4R,0.0007699999999999374,0.002587650625473433,1
SPOT,2024-02-01 06:00:00+00:00,2024-02-01 10:00:00+00:00,1,1.07983,2024-02-01 10:00:00+00:00,1.0812700000000006,4.0,hard_tp4R,0.000360000000000138,0.002745770759947608,1
SPOT,2024-02-02 10:00:00+00:00,2024-02-02 14:00:00+00:00,-1,1.08071,2024-02-15 10:00:00+00:00,1.0759510440668683,1.0000000000000004,stop,0.0047589559331318015,0.003172637288754534,1
SPOT,2024-02-12 10:00:00+00:00,2024-02-12 14:00:00+00:00,-1,1.07638,2024-02-13 10:00:00+00:00,1.07888,-1.0,ambig_stop,0.0025000000000001688,0.00205551711725656,0
SPOT,2024-02-13 14:00:00+00:00,2024-02-13 18:00:00+00:00,-1,1.07153,2024-02-15 10:00:00+00:00,1.0752163275021571,-0.999999999999971,stop,0.003686327502157134,0.002457551668104756,0
SPOT,2024-02-14 06:00:00+00:00,2024-02-14 10:00:00+00:00,1,1.07,2024-02-14 10:00:00+00:00,1.07000004,4.0,hard_tp4R,1e-08,0.0022238081318393297,1
SPOT,2024-02-19 10:00:00+00:00,2024-02-19 14:00:00+00:00,-1,1.07701,2024-02-20 06:00:00+00:00,1.07848,-1.0,stop,0.0014700000000000824,0.002000426105405596,0
SPOT,2024-03-01 14:00:00+00:00,2024-03-01 18:00:00+00:00,1,1.08375,2024-03-07 10:00:00+00:00,1.087100731287504,1.0,stop,0.003350731287504072,0.0022338208583360477,1
SPOT,2024-03-05 14:00:00+00:00,2024-03-05 18:00:00+00:00,-1,1.08599,2024-03-06 02:00:00+00:00,1.08531,1.0,stop,0.0006800000000000139,0.001836419418407147,1
SPOT,2024-03-06 18:00:00+00:00,2024-03-06 22:00:00+00:00,-1,1.08985,2024-03-06 22:00:00+00:00,1.08984996,4.0,hard_tp4R,1e-08,0.0018678995489520055,1
SPOT,2024-03-08 14:00:00+00:00,2024-03-08 18:00:00+00:00,-1,1.09394,2024-03-12 09:00:00+00:00,1.09394,0.0,ambig_stop,0.0016300000000000203,0.002424303270059766,0
SPOT,2024-03-12 13:00:00+00:00,2024-03-12 17:00:00+00:00,1,1.09176,2024-03-12 17:00:00+00:00,1.09145,-1.0,ambig_stop,0.00031000000000003247,0.002028082507131514,0
SPOT,2024-03-14 13:00:00+00:00,2024-03-14 17:00:00+00:00,1,1.08871,2024-03-14 17:00:00+00:00,1.08871004,4.0,hard_tp4R,1e-08,0.001969406546511872,1
SPOT,2024-04-02 05:00:00+00:00,2024-04-02 09:00:00+00:00,1,1.07314,2024-04-02 09:00:00+00:00,1.0733399999999995,4.0,hard_tp4R,4.999999999988347e-05,0.001729839267357688,1
SPOT,2024-04-16 05:00:00+00:00,2024-04-16 09:00:00+00:00,1,1.06159,2024-04-16 09:00:00+00:00,1.06159004,4.0,hard_tp4R,1e-08,0.0023249653550274393,1
SPOT,2024-04-18 05:00:00+00:00,2024-04-18 09:00:00+00:00,-1,1.06785,2024-04-18 09:00:00+00:00,1.06784996,4.0,hard_tp4R,1e-08,0.0022913371418933058,1
SPOT,2024-04-24 01:00:00+00:00,2024-04-24 05:00:00+00:00,-1,1.07052,2024-04-24 05:00:00+00:00,1.06808,4.0,hard_tp4R,0.0006099999999999994,0.00222773154856678,1
SPOT,2024-04-25 09:00:00+00:00,2024-04-25 13:00:00+00:00,-1,1.06922,2024-04-25 13:00:00+00:00,1.07142,-1.0,stop,0.0021999999999999797,0.002306696991400398,0
SPOT,2024-04-26 09:00:00+00:00,2024-04-26 13:00:00+00:00,-1,1.07163,2024-04-29 01:00:00+00:00,1.07163,0.0,stop,0.0024100000000000232,0.0023996810173116203,0
SPOT,2024-05-01 05:00:00+00:00,2024-05-01 09:00:00+00:00,1,1.06693,2024-05-01 09:00:00+00:00,1.06693004,4.0,hard_tp4R,1e-08,0.002403599117542566,1
SPOT,2024-05-01 21:00:00+00:00,2024-05-02 01:00:00+00:00,-1,1.07117,2024-05-02 17:00:00+00:00,1.07117,0.0,stop,0.0023699999999999832,0.002545774010728191,0
SPOT,2024-05-08 09:00:00+00:00,2024-05-08 13:00:00+00:00,1,1.07489,2024-05-08 13:00:00+00:00,1.0748900399999999,4.0,hard_tp4R,1e-08,0.0019142040733832002,1
SPOT,2024-05-30 05:00:00+00:00,2024-05-30 09:00:00+00:00,1,1.08148,2024-05-30 09:00:00+00:00,1.08148004,4.0,hard_tp4R,1e-08,0.0018902561778623788,1
SPOT,2024-06-04 01:00:00+00:00,2024-06-04 05:00:00+00:00,-1,1.09092,2024-06-04 05:00:00+00:00,1.09091996,4.0,hard_tp4R,1e-08,0.0021352662088757906,1
SPOT,2024-06-07 13:00:00+00:00,2024-06-07 17:00:00+00:00,-1,1.08051,2024-06-11 01:00:00+00:00,1.0769782283196723,0.9999999999999859,stop,0.003531771680327861,0.0023545144535519072,0
SPOT,2024-06-10 13:00:00+00:00,2024-06-10 17:00:00+00:00,1,1.07541,2024-06-10 17:00:00+00:00,1.07541004,4.0,hard_tp4R,1e-08,0.002411203009725248,1
SPOT,2024-06-11 13:00:00+00:00,2024-06-11 17:00:00+00:00,1,1.07374,2024-06-11 21:00:00+00:00,1.07374,0.0,stop,0.0004799999999998139,0.0022858870039493646,0
SPOT,2024-06-14 13:00:00+00:00,2024-06-14 17:00:00+00:00,1,1.07004,2024-06-14 17:00:00+00:00,1.07004004,4.0,hard_tp4R,1e-08,0.002749739138335516,1
SPOT,2024-06-28 01:00:00+00:00,2024-06-28 05:00:00+00:00,1,1.06867,2024-07-01 05:00:00+00:00,1.07695,4.0,hard_tp4R,0.0020700000000000163,0.0018093416438903244,1
SPOT,2024-07-01 09:00:00+00:00,2024-07-01 13:00:00+00:00,-1,1.07481,2024-07-01 13:00:00+00:00,1.07480996,4.0,hard_tp4R,1e-08,0.002175680019398356,1
SPOT,2024-07-22 17:00:00+00:00,2024-07-22 21:00:00+00:00,1,1.08907,2024-07-23 05:00:00+00:00,1.08756,-1.0,stop,0.0015099999999999003,0.0014857715897115696,0
SPOT,2024-07-24 05:00:00+00:00,2024-07-24 09:00:00+00:00,1,1.0835,2024-07-24 09:00:00+00:00,1.0835000399999999,4.0,hard_tp4R,1e-08,0.0014780495348907475,1
SPOT,2024-07-24 09:00:00+00:00,2024-07-24 13:00:00+00:00,1,1.08582,2024-07-24 17:00:00+00:00,1.08437,-1.0,stop,0.0014499999999999513,0.0015653317109699744,0
SPOT,2024-07-24 13:00:00+00:00,2024-07-24 17:00:00+00:00,-1,1.08509,2024-07-30 05:00:00+00:00,1.0827061451168634,1.0000000000000089,stop,0.0023838548831367277,0.0015892365887578185,1
SPOT,2024-07-30 13:00:00+00:00,2024-07-30 17:00:00+00:00,1,1.08137,2024-07-31 05:00:00+00:00,1.08137,0.0,stop,0.0010999999999998789,0.001795877834277411,0
SPOT,2024-08-08 13:00:00+00:00,2024-08-08 17:00:00+00:00,1,1.09086,2024-08-09 01:00:00+00:00,1.09222,4.0,hard_tp4R,0.00034000000000000696,0.002544243923567717,1
SPOT,2024-08-14 13:00:00+00:00,2024-08-14 17:00:00+00:00,-1,1.10182,2024-08-14 17:00:00+00:00,1.10181996,4.0,hard_tp4R,1e-08,0.002192955360871746,1
SPOT,2024-08-21 01:00:00+00:00,2024-08-21 05:00:00+00:00,-1,1.1119,2024-08-21 05:00:00+00:00,1.1118999600000001,4.0,hard_tp4R,1e-08,0.0018304771889836498,1
SPOT,2024-08-23 17:00:00+00:00,2024-08-25 21:00:00+00:00,-1,1.11867,2024-08-25 21:00:00+00:00,1.11866996,4.0,hard_tp4R,1e-08,0.002557177340415208,1
SPOT,2024-08-26 01:00:00+00:00,2024-08-26 05:00:00+00:00,-1,1.11832,2024-08-26 05:00:00+00:00,1.11831996,4.0,hard_tp4R,1e-08,0.0024406784210723067,1
SPOT,2024-09-02 01:00:00+00:00,2024-09-02 05:00:00+00:00,1,1.10484,2024-09-02 05:00:00+00:00,1.10484004,4.0,hard_tp4R,1e-08,0.0021939663791188816,1
SPOT,2024-09-03 13:00:00+00:00,2024-09-03 17:00:00+00:00,1,1.10391,2024-09-03 17:00:00+00:00,1.10391004,4.0,hard_tp4R,1e-08,0.0020578725679893744,1
SPOT,2024-09-03 17:00:00+00:00,2024-09-03 21:00:00+00:00,1,1.10431,2024-09-03 21:00:00+00:00,1.10409,-1.0,ambig_stop,0.00021999999999988695,0.002040167384561568,0
SPOT,2024-09-06 13:00:00+00:00,2024-09-06 17:00:00+00:00,-1,1.10767,2024-09-12 21:00:00+00:00,1.10767,0.0,stop,0.0039232347819845945,0.0026154898546563964,0
SPOT,2024-09-10 13:00:00+00:00,2024-09-10 17:00:00+00:00,1,1.10267,2024-09-10 17:00:00+00:00,1.10267004,4.0,hard_tp4R,1e-08,0.002114839967200255,1
SPOT,2024-09-13 13:00:00+00:00,2024-09-13 17:00:00+00:00,-1,1.10838,2024-09-13 17:00:00+00:00,1.10837996,4.0,hard_tp4R,1e-08,0.002078788034233451,1
SPOT,2024-09-16 13:00:00+00:00,2024-09-16 17:00:00+00:00,-1,1.11285,2024-09-16 17:00:00+00:00,1.11284996,4.0,hard_tp4R,1e-08,0.0020604752620520363,1
SPOT,2024-09-17 09:00:00+00:00,2024-09-17 13:00:00+00:00,-1,1.11245,2024-09-17 21:00:00+00:00,1.11245,0.0,stop,0.0012800000000001699,0.002020595662285599,0
SPOT,2024-09-18 17:00:00+00:00,2024-09-18 21:00:00+00:00,1,1.11184,2024-09-18 21:00:00+00:00,1.11102,-1.0,stop,0.0008200000000000429,0.0024995371376745662,0
SPOT,2024-09-19 01:00:00+00:00,2024-09-19 05:00:00+00:00,1,1.11198,2024-09-19 05:00:00+00:00,1.1158200000000003,4.0,hard_tp4R,0.0009600000000000719,0.002831539674831639,1
SPOT,2024-10-01 17:00:00+00:00,2024-10-01 21:00:00+00:00,1,1.10675,2024-10-01 21:00:00+00:00,1.1067500399999999,4.0,hard_tp4R,1e-08,0.0033256429499078444,1
SPOT,2024-10-09 21:00:00+00:00,2024-10-10 01:00:00+00:00,1,1.09403,2024-10-10 01:00:00+00:00,1.09403004,4.0,hard_tp4R,1e-08,0.0018628942822830896,1
SPOT,2024-10-10 13:00:00+00:00,2024-10-10 17:00:00+00:00,1,1.09056,2024-10-10 17:00:00+00:00,1.09056004,4.0,hard_tp4R,1e-08,0.0021748368803698303,1
SPOT,2024-10-10 17:00:00+00:00,2024-10-10 21:00:00+00:00,1,1.09362,2024-10-10 21:00:00+00:00,1.09358,-1.0,ambig_stop,4.0000000000040004e-05,0.002289491388914835,0
SPOT,2024-10-14 17:00:00+00:00,2024-10-14 21:00:00+00:00,1,1.09082,2024-10-14 21:00:00+00:00,1.0908200399999999,4.0,hard_tp4R,1e-08,0.0020786453702399785,1
SPOT,2024-10-23 13:00:00+00:00,2024-10-23 17:00:00+00:00,1,1.07728,2024-10-23 17:00:00+00:00,1.07728004,4.0,hard_tp4R,1e-08,0.0017620569945759883,1
SPOT,2024-10-28 05:00:00+00:00,2024-10-28 09:00:00+00:00,1,1.08187,2024-10-29 09:00:00+00:00,1.0789419593137706,-1.0000000000000255,stop,0.0029280406862294633,0.0019520271241529755,0
SPOT,2024-10-29 13:00:00+00:00,2024-10-29 17:00:00+00:00,1,1.07987,2024-10-30 09:00:00+00:00,1.0815700000000001,1.0,ambig_stop,0.0017000000000000348,0.00214986402435884,1
SPOT,2024-10-31 09:00:00+00:00,2024-10-31 13:00:00+00:00,-1,1.08794,2024-10-31 13:00:00+00:00,1.08793996,4.0,hard_tp4R,1e-08,0.0023387911311054375,1
SPOT,2024-11-01 13:00:00+00:00,2024-11-01 17:00:00+00:00,-1,1.08522,2024-11-03 22:00:00+00:00,1.08879,-1.0,stop,0.003569999999999851,0.002636427443580846,0
SPOT,2024-11-13 06:00:00+00:00,2024-11-13 10:00:00+00:00,1,1.06265,2024-11-13 14:00:00+00:00,1.05946,-1.0,stop,0.003190000000000026,0.003002208079404743,0
SPOT,2024-11-14 10:00:00+00:00,2024-11-14 14:00:00+00:00,1,1.05302,2024-11-14 14:00:00+00:00,1.05302004,4.0,hard_tp4R,1e-08,0.0033619895796089343,1
SPOT,2024-11-19 02:00:00+00:00,2024-11-19 06:00:00+00:00,-1,1.05832,2024-11-19 06:00:00+00:00,1.0545599999999993,4.0,hard_tp4R,0.0009400000000001629,0.002993195124522348,1
SPOT,2024-11-20 14:00:00+00:00,2024-11-20 18:00:00+00:00,1,1.05318,2024-11-21 06:00:00+00:00,1.05409,1.0,stop,0.0009099999999999664,0.0033492004386438587,1
SPOT,2024-11-27 18:00:00+00:00,2024-11-27 22:00:00+00:00,-1,1.05654,2024-11-27 22:00:00+00:00,1.05653996,4.0,hard_tp4R,1e-08,0.004225698813468604,1
SPOT,2024-11-29 02:00:00+00:00,2024-11-29 06:00:00+00:00,-1,1.05677,2024-11-29 06:00:00+00:00,1.05874,-1.0,stop,0.0019700000000000273,0.0032623173534155523,0
SPOT,2024-11-29 06:00:00+00:00,2024-11-29 10:00:00+00:00,-1,1.05571,2024-12-02 10:00:00+00:00,1.0526799999999998,1.0,stop,0.003030000000000088,0.0033528661138858646,1
SPOT,2024-12-06 06:00:00+00:00,2024-12-06 10:00:00+00:00,-1,1.05769,2024-12-06 10:00:00+00:00,1.05893,-1.0,stop,0.0012399999999999078,0.003061771599956857,0
SPOT,2024-12-06 14:00:00+00:00,2024-12-06 18:00:00+00:00,-1,1.05508,2024-12-09 14:00:00+00:00,1.05893,-1.0,stop,0.003849999999999909,0.0034781602060852566,0
SPOT,2024-12-11 10:00:00+00:00,2024-12-11 14:00:00+00:00,1,1.05234,2024-12-11 14:00:00+00:00,1.04981,-1.0,stop,0.0025300000000001432,0.0029802653848885947,0
SPOT,2024-12-13 06:00:00+00:00,2024-12-13 10:00:00+00:00,1,1.04867,2024-12-13 10:00:00+00:00,1.0514300000000003,4.0,hard_tp4R,0.0006900000000000794,0.0029989671500779418,1
SPOT,2024-12-16 14:00:00+00:00,2024-12-16 18:00:00+00:00,1,1.05108,2024-12-18 18:00:00+00:00,1.0466424425095835,-0.9999999999999879,stop,0.004437557490416575,0.0029583716602777166,0
SPOT,2024-12-18 22:00:00+00:00,2024-12-19 02:00:00+00:00,1,1.03778,2024-12-19 02:00:00+00:00,1.03778004,4.0,hard_tp4R,1e-08,0.0034343135535191936,1
SPOT,2024-12-20 06:00:00+00:00,2024-12-20 10:00:00+00:00,1,1.03824,2024-12-23 06:00:00+00:00,1.04105,1.0,stop,0.002809999999999979,0.0032717389513304052,1
SPOT,2024-12-30 10:00:00+00:00,2024-12-30 14:00:00+00:00,-1,1.03877,2024-12-31 06:00:00+00:00,1.0423777262949971,-0.999999999999985,stop,0.0036077262949972253,0.0024051508633314836,0
SPOT,2024-12-30 14:00:00+00:00,2024-12-30 18:00:00+00:00,1,1.03938,2024-12-30 18:00:00+00:00,1.03938004,4.0,hard_tp4R,1e-08,0.0024997829445220767,1
SPOT,2024-12-30 18:00:00+00:00,2024-12-30 22:00:00+00:00,1,1.04063,2024-12-30 22:00:00+00:00,1.04046,-1.0,ambig_stop,0.00017000000000000348,0.002417655591341926,0
SPOT,2025-01-06 14:00:00+00:00,2025-01-06 18:00:00+00:00,-1,1.0387,2025-01-06 18:00:00+00:00,1.03869996,4.0,hard_tp4R,1e-08,0.0036908768388847915,1
SPOT,2025-01-10 06:00:00+00:00,2025-01-10 10:00:00+00:00,1,1.02996,2025-01-10 10:00:00+00:00,1.02832,-1.0,stop,0.0016400000000000858,0.0026508090352136623,0
SPOT,2025-01-20 02:00:00+00:00,2025-01-20 06:00:00+00:00,1,1.03021,2025-01-20 22:00:00+00:00,1.03767,2.0,stop,0.003730000000000011,0.0030138084015125474,1
SPOT,2025-01-20 22:00:00+00:00,2025-01-21 02:00:00+00:00,-1,1.03697,2025-01-21 02:00:00+00:00,1.03696996,4.0,hard_tp4R,1e-08,0.00411738301530388,1
SPOT,2025-01-24 18:00:00+00:00,2025-01-26 22:00:00+00:00,-1,1.04742,2025-01-26 22:00:00+00:00,1.04741996,4.0,hard_tp4R,1e-08,0.0035599086254630877,1
SPOT,2025-01-27 14:00:00+00:00,2025-01-27 18:00:00+00:00,-1,1.04883,2025-01-29 14:00:00+00:00,1.0422699999999996,2.0,stop,0.0032800000000001717,0.003575041227751233,1
SPOT,2025-01-29 10:00:00+00:00,2025-01-29 14:00:00+00:00,1,1.03873,2025-01-29 14:00:00+00:00,1.03873004,4.0,hard_tp4R,1e-08,0.0029637445759323894,1
SPOT,2025-01-31 10:00:00+00:00,2025-01-31 14:00:00+00:00,1,1.03818,2025-01-31 14:00:00+00:00,1.03818004,4.0,hard_tp4R,1e-08,0.00325224427627871,1
SPOT,2025-02-03 06:00:00+00:00,2025-02-03 10:00:00+00:00,1,1.023,2025-02-03 10:00:00+00:00,1.0230000399999999,4.0,hard_tp4R,1e-08,0.0044503624681538154,1
SPOT,2025-02-05 14:00:00+00:00,2025-02-05 18:00:00+00:00,-1,1.04194,2025-02-05 18:00:00+00:00,1.04193996,4.0,hard_tp4R,1e-08,0.004092144648317086,1
SPOT,2025-02-11 02:00:00+00:00,2025-02-11 06:00:00+00:00,1,1.03043,2025-02-12 10:00:00+00:00,1.0348699999999997,2.0,stop,0.0022199999999998887,0.0028591433779724517,1
SPOT,2025-02-12 14:00:00+00:00,2025-02-12 18:00:00+00:00,1,1.04259,2025-02-13 10:00:00+00:00,1.0374604610510543,-1.0000000000000155,stop,0.0051295389489455535,0.003419692632630369,0
SPOT,2025-02-13 06:00:00+00:00,2025-02-13 10:00:00+00:00,-1,1.04227,2025-02-13 10:00:00+00:00,1.04226996,4.0,hard_tp4R,1e-08,0.003455242380272695,1
SPOT,2025-02-20 22:00:00+00:00,2025-02-21 02:00:00+00:00,-1,1.04863,2025-02-21 02:00:00+00:00,1.04862996,4.0,hard_tp4R,1e-08,0.002509232285119821,1
SPOT,2025-02-28 06:00:00+00:00,2025-02-28 10:00:00+00:00,1,1.03949,2025-02-28 10:00:00+00:00,1.03949004,4.0,hard_tp4R,1e-08,0.0027369088312006154,1
SPOT,2025-03-07 14:00:00+00:00,2025-03-07 18:00:00+00:00,-1,1.08428,2025-03-09 21:00:00+00:00,1.08428,0.0,stop,0.001060000000000061,0.004485075851789555,0
SPOT,2025-03-11 13:00:00+00:00,2025-03-11 17:00:00+00:00,-1,1.09247,2025-03-11 17:00:00+00:00,1.09246996,4.0,hard_tp4R,1e-08,0.004193789524929073,1
SPOT,2025-03-11 17:00:00+00:00,2025-03-11 21:00:00+00:00,-1,1.09181,2025-03-11 21:00:00+00:00,1.09180996,4.0,hard_tp4R,1e-08,0.004159233130291274,1
SPOT,2025-03-14 05:00:00+00:00,2025-03-14 09:00:00+00:00,1,1.08535,2025-03-18 09:00:00+00:00,1.0916300000000003,2.0,stop,0.0031400000000001427,0.003410910075541591,1
SPOT,2025-03-20 09:00:00+00:00,2025-03-20 13:00:00+00:00,1,1.08335,2025-03-20 13:00:00+00:00,1.08335004,4.0,hard_tp4R,1e-08,0.0031400865087435744,1
SPOT,2025-03-20 13:00:00+00:00,2025-03-20 17:00:00+00:00,1,1.08483,2025-03-20 17:00:00+00:00,1.08483004,4.0,hard_tp4R,1e-08,0.003184366043833318,1
SPOT,2025-03-21 05:00:00+00:00,2025-03-21 09:00:00+00:00,1,1.08356,2025-03-21 13:00:00+00:00,1.08356,0.0,stop,0.002120000000000122,0.0029280250046315125,0
SPOT,2025-03-31 05:00:00+00:00,2025-03-31 09:00:00+00:00,-1,1.08271,2025-03-31 17:00:00+00:00,1.08098,1.0,stop,0.0017300000000000093,0.002935460684714873,1
SPOT,2025-03-31 09:00:00+00:00,2025-03-31 13:00:00+00:00,-1,1.08033,2025-04-02 13:00:00+00:00,1.08444,-1.0,stop,0.004110000000000058,0.00293649920723524,0
SPOT,2025-04-03 13:00:00+00:00,2025-04-03 17:00:00+00:00,-1,1.10382,2025-04-03 17:00:00+00:00,1.10381996,4.0,hard_tp4R,1e-08,0.005580773082422802,1
SPOT,2025-04-10 17:00:00+00:00,2025-04-10 21:00:00+00:00,-1,1.11982,2025-04-10 21:00:00+00:00,1.11981996,4.0,hard_tp4R,1e-08,0.007681696054062867,1
SPOT,2025-04-11 09:00:00+00:00,2025-04-11 13:00:00+00:00,-1,1.13949,2025-04-11 13:00:00+00:00,1.13948996,4.0,hard_tp4R,1e-08,0.00959485893898609,1
SPOT,2025-05-08 05:00:00+00:00,2025-05-08 09:00:00+00:00,1,1.12876,2025-05-08 09:00:00+00:00,1.12876004,4.0,hard_tp4R,1e-08,0.0038694929766288013,1
SPOT,2025-05-09 01:00:00+00:00,2025-05-09 05:00:00+00:00,1,1.12276,2025-05-09 05:00:00+00:00,1.12276004,4.0,hard_tp4R,1e-08,0.0039453380767154956,1
SPOT,2025-05-12 17:00:00+00:00,2025-05-12 21:00:00+00:00,1,1.10819,2025-05-12 21:00:00+00:00,1.10819004,4.0,hard_tp4R,1e-08,0.004668570133810599,1
SPOT,2025-05-12 21:00:00+00:00,2025-05-13 01:00:00+00:00,1,1.11041,2025-05-13 01:00:00+00:00,1.1104100399999999,4.0,hard_tp4R,1e-08,0.004508672267109838,1
SPOT,2025-05-19 13:00:00+00:00,2025-05-19 17:00:00+00:00,-1,1.1235,2025-05-19 17:00:00+00:00,1.12349996,4.0,hard_tp4R,1e-08,0.0038306506551694574,1
SPOT,2025-05-26 05:00:00+00:00,2025-05-26 09:00:00+00:00,-1,1.13843,2025-05-26 09:00:00+00:00,1.13842996,4.0,hard_tp4R,1e-08,0.003720762908147069,1
SPOT,2025-06-10 05:00:00+00:00,2025-06-10 09:00:00+00:00,1,1.14078,2025-06-11 01:00:00+00:00,1.14078,0.0,stop,0.0021700000000000053,0.0032000584108772714,0
SPOT,2025-06-17 21:00:00+00:00,2025-06-18 01:00:00+00:00,1,1.1492,2025-06-18 01:00:00+00:00,1.14920004,4.0,hard_tp4R,1e-08,0.003603638148896854,1
SPOT,2025-06-19 05:00:00+00:00,2025-06-19 09:00:00+00:00,1,1.14763,2025-06-19 09:00:00+00:00,1.1484299999999998,4.0,hard_tp4R,0.00019999999999997797,0.0035058925113974726,1
SPOT,2025-06-30 09:00:00+00:00,2025-06-30 13:00:00+00:00,-1,1.17132,2025-06-30 13:00:00+00:00,1.17537,-1.0,stop,0.004050000000000109,0.003622493127845757,0
SPOT,2025-07-07 09:00:00+00:00,2025-07-07 13:00:00+00:00,1,1.17225,2025-07-07 13:00:00+00:00,1.1745299999999999,4.0,hard_tp4R,0.0005699999999999594,0.0028812528526376297,1
SPOT,2025-07-08 13:00:00+00:00,2025-07-08 17:00:00+00:00,1,1.17086,2025-07-10 09:00:00+00:00,1.17086,0.0,stop,0.0022299999999999542,0.0032330144381219963,0
SPOT,2025-07-10 13:00:00+00:00,2025-07-10 17:00:00+00:00,1,1.16854,2025-07-10 17:00:00+00:00,1.16854004,4.0,hard_tp4R,1e-08,0.0029459021705172343,1
SPOT,2025-07-14 05:00:00+00:00,2025-07-14 09:00:00+00:00,1,1.16825,2025-07-14 13:00:00+00:00,1.16624,-1.0,stop,0.0020100000000000673,0.0028703158827071973,0
SPOT,2025-07-16 13:00:00+00:00,2025-07-16 17:00:00+00:00,1,1.1639,2025-07-17 05:00:00+00:00,1.15928,-1.0,stop,0.0046199999999998465,0.003618222848903114,0
SPOT,2025-07-17 13:00:00+00:00,2025-07-17 17:00:00+00:00,1,1.15861,2025-07-18 13:00:00+00:00,1.1633699999999996,2.0,stop,0.0023799999999998267,0.003566738637160538,1
SPOT,2025-07-29 13:00:00+00:00,2025-07-29 17:00:00+00:00,1,1.15415,2025-07-29 17:00:00+00:00,1.15415004,4.0,hard_tp4R,1e-08,0.0035617450457366565,1
SPOT,2025-08-03 21:00:00+00:00,2025-08-04 01:00:00+00:00,-1,1.1558,2025-08-04 01:00:00+00:00,1.15579996,4.0,hard_tp4R,1e-08,0.004723420207074243,1
SPOT,2025-08-04 01:00:00+00:00,2025-08-04 05:00:00+00:00,-1,1.15746,2025-08-04 05:00:00+00:00,1.15745996,4.0,hard_tp4R,1e-08,0.004642461620854653,1
SPOT,2025-08-05 01:00:00+00:00,2025-08-05 05:00:00+00:00,-1,1.15582,2025-08-05 13:00:00+00:00,1.15582,0.0,stop,0.0030200000000000227,0.0038792830691952015,0
SPOT,2025-08-07 09:00:00+00:00,2025-08-07 13:00:00+00:00,-1,1.1651,2025-08-07 13:00:00+00:00,1.16509996,4.0,hard_tp4R,1e-08,0.003378300759550425,1
SPOT,2025-08-08 01:00:00+00:00,2025-08-08 05:00:00+00:00,-1,1.16584,2025-08-12 13:00:00+00:00,1.16584,0.0,stop,0.004029999999999978,0.0033685653892523934,0
SPOT,2025-08-12 13:00:00+00:00,2025-08-12 17:00:00+00:00,-1,1.16799,2025-08-12 17:00:00+00:00,1.16798996,4.0,hard_tp4R,1e-08,0.0033725386852974533,1
SPOT,2025-08-21 17:00:00+00:00,2025-08-21 21:00:00+00:00,1,1.16056,2025-08-21 21:00:00+00:00,1.16056004,4.0,hard_tp4R,1e-08,0.002515486373736755,1
SPOT,2025-08-22 05:00:00+00:00,2025-08-22 09:00:00+00:00,1,1.15992,2025-08-22 09:00:00+00:00,1.15992004,4.0,hard_tp4R,1e-08,0.0024386492576893813,1
